Date and Time Run #1,Time (s) Run #1,Position (m) Run #1,Force (N) Run #1,Speed (mm/min) Run #1,Date and Time Run #2,Time (s) Run #2,Position (m) Run #2,Force (N) Run #2,Speed (mm/min) Run #2,Date and Time Run #3,Time (s) Run #3,Position (m) Run #3,Force (N) Run #3,Speed (mm/min) Run #3,Date and Time Run #4,Time (s) Run #4,Position (m) Run #4,Force (N) Run #4,Speed (mm/min) Run #4,Date and Time Run #5,Time (s) Run #5,Position (m) Run #5,Force (N) Run #5,Speed (mm/min) Run #5,Date and Time Run #6,Time (s) Run #6,Position (m) Run #6,Force (N) Run #6,Speed (mm/min) Run #6
03/04/2024 17:10:32,0,0,0,,03/04/2024 17:11:09,0,0,0,0,03/04/2024 17:11:54,0,0,0,0,03/04/2024 17:12:39,0,0,0,0,03/04/2024 17:13:25,0,0,0,0,03/04/2024 17:14:11,0,0,0,0
03/04/2024 17:10:32,0.1,0,0,0,03/04/2024 17:11:09,0.1,0,0,0,03/04/2024 17:11:54,0.1,0,0,0,03/04/2024 17:12:39,0.1,0,0,0,03/04/2024 17:13:25,0.1,0,0,0,03/04/2024 17:14:11,0.1,0,0,0
03/04/2024 17:10:32,0.2,0,0,0,03/04/2024 17:11:09,0.2,0,0,0,03/04/2024 17:11:54,0.2,0,0,0,03/04/2024 17:12:39,0.2,0,0,0,03/04/2024 17:13:25,0.2,0,0,0,03/04/2024 17:14:11,0.2,0,0,0
03/04/2024 17:10:32,0.3,0,0,0,03/04/2024 17:11:09,0.3,0,0,0,03/04/2024 17:11:54,0.3,0,0,0,03/04/2024 17:12:39,0.3,0,0,0,03/04/2024 17:13:25,0.3,0,0,0,03/04/2024 17:14:11,0.3,0,0,0
03/04/2024 17:10:32,0.4,0,0,0,03/04/2024 17:11:09,0.4,0,0,0,03/04/2024 17:11:54,0.4,0,0,0,03/04/2024 17:12:39,0.4,0,0,0,03/04/2024 17:13:25,0.4,0,0,0,03/04/2024 17:14:11,0.4,0,0,0
03/04/2024 17:10:32,0.5,0,0,0,03/04/2024 17:11:09,0.5,0,0,0,03/04/2024 17:11:54,0.5,0,0,0,03/04/2024 17:12:39,0.5,0,0,0,03/04/2024 17:13:25,0.5,0,0,0,03/04/2024 17:14:11,0.5,0,0,0
03/04/2024 17:10:32,0.6,0,1,0,03/04/2024 17:11:09,0.6,0,2,0,03/04/2024 17:11:54,0.6,0,6,0,03/04/2024 17:12:39,0.6,0,4,0,03/04/2024 17:13:25,0.6,0,9,0,03/04/2024 17:14:11,0.6,0,3,0
03/04/2024 17:10:32,0.7,0,8,0,03/04/2024 17:11:09,0.7,0,10,0,03/04/2024 17:11:54,0.7,0,13,0,03/04/2024 17:12:39,0.7,0,14,0,03/04/2024 17:13:25,0.7,0,18,0,03/04/2024 17:14:11,0.7,0,16,0
03/04/2024 17:10:32,0.8,0,7,0,03/04/2024 17:11:09,0.8,0,10,0,03/04/2024 17:11:54,0.8,0,17,0,03/04/2024 17:12:39,0.8,0,19,0,03/04/2024 17:13:25,0.8,0,23,0,03/04/2024 17:14:11,0.8,0,23,0
03/04/2024 17:10:32,0.9,0,7,0,03/04/2024 17:11:09,0.9,0,10,0,03/04/2024 17:11:54,0.9,0,17,0,03/04/2024 17:12:39,0.9,0,19,0,03/04/2024 17:13:25,0.9,0,26,0,03/04/2024 17:14:11,0.9,0,20,0
03/04/2024 17:10:33,1,0,7,0,03/04/2024 17:11:10,1,0,10,0,03/04/2024 17:11:55,1,0,17,0,03/04/2024 17:12:40,1,0,19,0,03/04/2024 17:13:26,1,0,24,0,03/04/2024 17:14:12,1,0,20,0
03/04/2024 17:10:33,1.1,0,7,0,03/04/2024 17:11:10,1.1,0,10,0,03/04/2024 17:11:55,1.1,0,17,0,03/04/2024 17:12:40,1.1,0,19,0,03/04/2024 17:13:26,1.1,0,25,0,03/04/2024 17:14:12,1.1,0,19,0
03/04/2024 17:10:33,1.2,0,7,0,03/04/2024 17:11:10,1.2,0,10,0,03/04/2024 17:11:55,1.2,0,17,0,03/04/2024 17:12:40,1.2,0,19,0,03/04/2024 17:13:26,1.2,0,25,0,03/04/2024 17:14:12,1.2,0,12,0
03/04/2024 17:10:33,1.3,0,7,0,03/04/2024 17:11:10,1.3,0,10,0,03/04/2024 17:11:55,1.3,0,17,0,03/04/2024 17:12:40,1.3,0,19,0,03/04/2024 17:13:26,1.3,0,25,0,03/04/2024 17:14:12,1.3,0,19,0
03/04/2024 17:10:33,1.4,0,7,0,03/04/2024 17:11:10,1.4,0,10,0,03/04/2024 17:11:55,1.4,0,17,0,03/04/2024 17:12:40,1.4,0,19,0,03/04/2024 17:13:26,1.4,0,24,0,03/04/2024 17:14:12,1.4,0,22,0
03/04/2024 17:10:33,1.5,0,7,0,03/04/2024 17:11:10,1.5,0,10,0,03/04/2024 17:11:55,1.5,0,17,0,03/04/2024 17:12:40,1.5,0,19,0,03/04/2024 17:13:26,1.5,0,24,0,03/04/2024 17:14:12,1.5,0,20,0
03/04/2024 17:10:33,1.6,0,7,0,03/04/2024 17:11:10,1.6,0,9,0,03/04/2024 17:11:55,1.6,0,17,0,03/04/2024 17:12:40,1.6,0,19,0,03/04/2024 17:13:26,1.6,0,24,0,03/04/2024 17:14:12,1.6,0,20,0
03/04/2024 17:10:33,1.7,0,7,0,03/04/2024 17:11:10,1.7,0,10,0,03/04/2024 17:11:55,1.7,0,17,0,03/04/2024 17:12:40,1.7,0,18,0,03/04/2024 17:13:26,1.7,0,24,0,03/04/2024 17:14:12,1.7,0,21,0
03/04/2024 17:10:33,1.8,0,7,0,03/04/2024 17:11:10,1.8,0,10,0,03/04/2024 17:11:55,1.8,0,17,0,03/04/2024 17:12:40,1.8,0,18,0,03/04/2024 17:13:26,1.8,0,24,0,03/04/2024 17:14:12,1.8,0,21,0
03/04/2024 17:10:33,1.9,0,7,0,03/04/2024 17:11:10,1.9,0,9,0,03/04/2024 17:11:55,1.9,0,17,0,03/04/2024 17:12:40,1.9,0,18,0,03/04/2024 17:13:26,1.9,0,24,0,03/04/2024 17:14:12,1.9,0,21,0
03/04/2024 17:10:34,2,0,7,0,03/04/2024 17:11:11,2,0,10,0,03/04/2024 17:11:56,2,0,17,0,03/04/2024 17:12:41,2,0,18,0,03/04/2024 17:13:27,2,0,24,0,03/04/2024 17:14:13,2,0,21,0
03/04/2024 17:10:34,2.1,0,6,0,03/04/2024 17:11:11,2.1,0,10,0,03/04/2024 17:11:56,2.1,0,17,0,03/04/2024 17:12:41,2.1,0,18,0,03/04/2024 17:13:27,2.1,0,24,0,03/04/2024 17:14:13,2.1,0,21,0
03/04/2024 17:10:34,2.2,0,6,0,03/04/2024 17:11:11,2.2,0,10,0,03/04/2024 17:11:56,2.2,0,16,0,03/04/2024 17:12:41,2.2,0,18,0,03/04/2024 17:13:27,2.2,0,24,0,03/04/2024 17:14:13,2.2,0,20,0
03/04/2024 17:10:34,2.3,0,7,0,03/04/2024 17:11:11,2.3,0,9,0,03/04/2024 17:11:56,2.3,0,17,0,03/04/2024 17:12:41,2.3,0,18,0,03/04/2024 17:13:27,2.3,0,24,0,03/04/2024 17:14:13,2.3,0,21,0
03/04/2024 17:10:34,2.4,0,6,0,03/04/2024 17:11:11,2.4,0,9,0,03/04/2024 17:11:56,2.4,0,16,0,03/04/2024 17:12:41,2.4,0,18,0,03/04/2024 17:13:27,2.4,0,25,0,03/04/2024 17:14:13,2.4,0,21,0
03/04/2024 17:10:34,2.5,0,6,0,03/04/2024 17:11:11,2.5,0,9,0,03/04/2024 17:11:56,2.5,0,16,0,03/04/2024 17:12:41,2.5,0,18,0,03/04/2024 17:13:27,2.5,0,24,0,03/04/2024 17:14:13,2.5,0,20,0
03/04/2024 17:10:34,2.6,0,6,0,03/04/2024 17:11:11,2.6,0,9,0,03/04/2024 17:11:56,2.6,0,16,0,03/04/2024 17:12:41,2.6,0,18,0,03/04/2024 17:13:27,2.6,0,24,0,03/04/2024 17:14:13,2.6,0,21,0
03/04/2024 17:10:34,2.7,0,6,0,03/04/2024 17:11:11,2.7,0,9,0,03/04/2024 17:11:56,2.7,0,16,0,03/04/2024 17:12:41,2.7,0,18,0,03/04/2024 17:13:27,2.7,0,24,0,03/04/2024 17:14:13,2.7,0,21,0
03/04/2024 17:10:34,2.8,0,6,0,03/04/2024 17:11:11,2.8,0,9,0,03/04/2024 17:11:56,2.8,0,16,0,03/04/2024 17:12:41,2.8,0,17,0,03/04/2024 17:13:27,2.8,0,24,0,03/04/2024 17:14:13,2.8,0,20,0
03/04/2024 17:10:34,2.9,0,6,0,03/04/2024 17:11:11,2.9,0,9,0,03/04/2024 17:11:56,2.9,0,16,0,03/04/2024 17:12:41,2.9,0,18,0,03/04/2024 17:13:27,2.9,0,24,0,03/04/2024 17:14:13,2.9,0,20,0
03/04/2024 17:10:35,3,0,6,0,03/04/2024 17:11:12,3,0,9,0,03/04/2024 17:11:57,3,0,16,0,03/04/2024 17:12:42,3,0,18,0,03/04/2024 17:13:28,3,0,24,0,03/04/2024 17:14:14,3,0,20,0
03/04/2024 17:10:35,3.1,0,6,0,03/04/2024 17:11:12,3.1,0,9,0,03/04/2024 17:11:57,3.1,0,17,0,03/04/2024 17:12:42,3.1,0,18,0,03/04/2024 17:13:28,3.1,0,24,0,03/04/2024 17:14:14,3.1,0,21,0
03/04/2024 17:10:35,3.2,0,6,0,03/04/2024 17:11:12,3.2,0,9,0,03/04/2024 17:11:57,3.2,0,16,0,03/04/2024 17:12:42,3.2,0,18,0,03/04/2024 17:13:28,3.2,0,24,0,03/04/2024 17:14:14,3.2,0,20,0
03/04/2024 17:10:35,3.3,0,6,0,03/04/2024 17:11:12,3.3,0,9,0,03/04/2024 17:11:57,3.3,0,16,0,03/04/2024 17:12:42,3.3,0,18,0,03/04/2024 17:13:28,3.3,0,24,0,03/04/2024 17:14:14,3.3,0,16,0
03/04/2024 17:10:35,3.4,0,6,0,03/04/2024 17:11:12,3.4,0,9,0,03/04/2024 17:11:57,3.4,0,16,0,03/04/2024 17:12:42,3.4,0,17,0,03/04/2024 17:13:28,3.4,0,24,0,03/04/2024 17:14:14,3.4,0,11,0
03/04/2024 17:10:35,3.5,0,6,0,03/04/2024 17:11:12,3.5,0,9,0,03/04/2024 17:11:57,3.5,0,16,0,03/04/2024 17:12:42,3.5,0,18,0,03/04/2024 17:13:28,3.5,0,24,0,03/04/2024 17:14:14,3.5,0,20,0
03/04/2024 17:10:35,3.6,0,6,0,03/04/2024 17:11:12,3.6,0,9,0,03/04/2024 17:11:57,3.6,0,16,0,03/04/2024 17:12:42,3.6,0,18,0,03/04/2024 17:13:28,3.6,0,24,0,03/04/2024 17:14:14,3.6,0,22,0
03/04/2024 17:10:35,3.7,0,6,0,03/04/2024 17:11:12,3.7,0,9,0,03/04/2024 17:11:57,3.7,0,16,0,03/04/2024 17:12:42,3.7,0,18,0,03/04/2024 17:13:28,3.7,0,23,0,03/04/2024 17:14:14,3.7,0,20,0
03/04/2024 17:10:35,3.8,0,6,0,03/04/2024 17:11:12,3.8,0,9,0,03/04/2024 17:11:57,3.8,0,16,0,03/04/2024 17:12:42,3.8,0,17,0,03/04/2024 17:13:28,3.8,0,24,0,03/04/2024 17:14:14,3.8,0,20,0
03/04/2024 17:10:35,3.9,0,6,0,03/04/2024 17:11:12,3.9,0,9,0,03/04/2024 17:11:57,3.9,0,16,0,03/04/2024 17:12:42,3.9,0,17,0,03/04/2024 17:13:28,3.9,0,24,0,03/04/2024 17:14:14,3.9,0,21,0
03/04/2024 17:10:36,4,0,6,0,03/04/2024 17:11:13,4,0,9,0,03/04/2024 17:11:58,4,0,16,0,03/04/2024 17:12:43,4,0,18,0,03/04/2024 17:13:29,4,0,24,0,03/04/2024 17:14:15,4,0,21,0
03/04/2024 17:10:36,4.1,0,6,0,03/04/2024 17:11:13,4.1,0,9,0,03/04/2024 17:11:58,4.1,0,16,0,03/04/2024 17:12:43,4.1,0,18,0,03/04/2024 17:13:29,4.1,0,23,0,03/04/2024 17:14:15,4.1,0,20,0
03/04/2024 17:10:36,4.2,0,6,0,03/04/2024 17:11:13,4.2,0,9,0,03/04/2024 17:11:58,4.2,0,16,0,03/04/2024 17:12:43,4.2,0,18,0,03/04/2024 17:13:29,4.2,0,24,0,03/04/2024 17:14:15,4.2,0,20,0
03/04/2024 17:10:36,4.3,0,6,0,03/04/2024 17:11:13,4.3,0,8,0,03/04/2024 17:11:58,4.3,0,15,0,03/04/2024 17:12:43,4.3,0,17,0,03/04/2024 17:13:29,4.3,0,25,0,03/04/2024 17:14:15,4.3,0,21,0
03/04/2024 17:10:36,4.4,0,6,0,03/04/2024 17:11:13,4.4,0,8,0,03/04/2024 17:11:58,4.4,0,16,0,03/04/2024 17:12:43,4.4,0,17,0,03/04/2024 17:13:29,4.4,0,23,0,03/04/2024 17:14:15,4.4,0,21,0
03/04/2024 17:10:36,4.5,0,5,0,03/04/2024 17:11:13,4.5,0,8,0,03/04/2024 17:11:58,4.5,0,13,0,03/04/2024 17:12:43,4.5,0,17,0,03/04/2024 17:13:29,4.5,0,11,0,03/04/2024 17:14:15,4.5,0,19,0
03/04/2024 17:10:36,4.6,0,0,0,03/04/2024 17:11:13,4.6,0,0,0,03/04/2024 17:11:58,4.6,0,0,0,03/04/2024 17:12:43,4.6,0,0,0,03/04/2024 17:13:29,4.6,0,0,0,03/04/2024 17:14:15,4.6,0,0,0
03/04/2024 17:10:36,4.7,0,0,0,03/04/2024 17:11:13,4.7,0,0,0,03/04/2024 17:11:58,4.7,0,0,0,03/04/2024 17:12:43,4.7,0,0,0,03/04/2024 17:13:29,4.7,0,0,0,03/04/2024 17:14:15,4.7,0,1,0
03/04/2024 17:10:36,4.8,0,0,0,03/04/2024 17:11:13,4.8,0,0,0,03/04/2024 17:11:58,4.8,0,0,0,03/04/2024 17:12:43,4.8,0,0,0,03/04/2024 17:13:29,4.8,0,0,0,03/04/2024 17:14:15,4.8,0,1,0
03/04/2024 17:10:36,4.9,0,0,0,03/04/2024 17:11:13,4.9,0,0,0,03/04/2024 17:11:58,4.9,0,0,0,03/04/2024 17:12:43,4.9,0,0,0,03/04/2024 17:13:29,4.9,0,0,0,03/04/2024 17:14:15,4.9,0,0,0
03/04/2024 17:10:37,5,0,0,0,03/04/2024 17:11:14,5,0,0,0,03/04/2024 17:11:59,5,0,0,0,03/04/2024 17:12:44,5,0,0,0,03/04/2024 17:13:30,5,0,0,0,03/04/2024 17:14:16,5,0,1,0
03/04/2024 17:10:37,5.1,0,0,0,03/04/2024 17:11:14,5.1,0,0,0,03/04/2024 17:11:59,5.1,0,0,0,03/04/2024 17:12:44,5.1,0,0,0,03/04/2024 17:13:30,5.1,0,0,0,03/04/2024 17:14:16,5.1,0,1,0
03/04/2024 17:10:37,5.2,0,0,0,03/04/2024 17:11:14,5.2,0,0,0,03/04/2024 17:11:59,5.2,0,0,0,03/04/2024 17:12:44,5.2,0,0,0,03/04/2024 17:13:30,5.2,0,0,0,03/04/2024 17:14:16,5.2,0,0,0
03/04/2024 17:10:37,5.3,0,0,0,03/04/2024 17:11:14,5.3,0,0,0,03/04/2024 17:11:59,5.3,0,0,0,03/04/2024 17:12:44,5.3,0,0,0,03/04/2024 17:13:30,5.3,0,0,0,03/04/2024 17:14:16,5.3,0,0,0
03/04/2024 17:10:37,5.4,0,0,0,03/04/2024 17:11:14,5.4,0,0,0,03/04/2024 17:11:59,5.4,0,0,0,03/04/2024 17:12:44,5.4,0,0,0,03/04/2024 17:13:30,5.4,0,0,0,03/04/2024 17:14:16,5.4,0,0,0
03/04/2024 17:10:37,5.5,0,0,0,03/04/2024 17:11:14,5.5,0,0,0,03/04/2024 17:11:59,5.5,0,0,0,03/04/2024 17:12:44,5.5,0,0,0,03/04/2024 17:13:30,5.5,0,0,0,03/04/2024 17:14:16,5.5,0,1,0
03/04/2024 17:10:37,5.6,0,0,0,03/04/2024 17:11:14,5.6,0,0,0,03/04/2024 17:11:59,5.6,0,0,0,03/04/2024 17:12:44,5.6,0,0,0,03/04/2024 17:13:30,5.6,0,0,0,03/04/2024 17:14:16,5.6,0,1,0
03/04/2024 17:10:37,5.7,0,0,0,03/04/2024 17:11:14,5.7,0,0,0,03/04/2024 17:11:59,5.7,0,0,0,03/04/2024 17:12:44,5.7,0,0,0,03/04/2024 17:13:30,5.7,0,0,0,03/04/2024 17:14:16,5.7,0,0,0
03/04/2024 17:10:37,5.8,0,0,0,03/04/2024 17:11:14,5.8,0,0,0,03/04/2024 17:11:59,5.8,0,0,0,03/04/2024 17:12:44,5.8,0,1,0,03/04/2024 17:13:30,5.8,0,0,0,03/04/2024 17:14:16,5.8,0,0,0
03/04/2024 17:10:37,5.9,0,0,0,03/04/2024 17:11:14,5.9,0,1,0,03/04/2024 17:11:59,5.9,0,0,0,03/04/2024 17:12:44,5.9,0,0,0,03/04/2024 17:13:30,5.9,0,0,0,03/04/2024 17:14:16,5.9,0,0,0
03/04/2024 17:10:38,6,0,0,0,03/04/2024 17:11:15,6,0,0,0,03/04/2024 17:12:00,6,0,0,0,03/04/2024 17:12:45,6,0,0,0,03/04/2024 17:13:31,6,0,0,0,03/04/2024 17:14:17,6,0,1,0
03/04/2024 17:10:38,6.1,0,0,0,03/04/2024 17:11:15,6.1,0,0,0,03/04/2024 17:12:00,6.1,0,0,0,03/04/2024 17:12:45,6.1,0,0,0,03/04/2024 17:13:31,6.1,0,0,0,03/04/2024 17:14:17,6.1,0,0,0
03/04/2024 17:10:38,6.2,0,0,0,03/04/2024 17:11:15,6.2,0,0,0,03/04/2024 17:12:00,6.2,0,0,0,03/04/2024 17:12:45,6.2,0,0,0,03/04/2024 17:13:31,6.2,0,0,0,03/04/2024 17:14:17,6.2,0,0,0
03/04/2024 17:10:38,6.3,0,0,0,03/04/2024 17:11:15,6.3,0,0,0,03/04/2024 17:12:00,6.3,0,0,0,03/04/2024 17:12:45,6.3,0,0,0,03/04/2024 17:13:31,6.3,0,0,0,03/04/2024 17:14:17,6.3,0,0,0
03/04/2024 17:10:38,6.4,0,0,0,03/04/2024 17:11:15,6.4,0,0,0,03/04/2024 17:12:00,6.4,0,0,0,03/04/2024 17:12:45,6.4,0,0,0,03/04/2024 17:13:31,6.4,0,0,0,03/04/2024 17:14:17,6.4,0,0,0
03/04/2024 17:10:38,6.5,0,0,0,03/04/2024 17:11:15,6.5,0,0,0,03/04/2024 17:12:00,6.5,0,0,0,03/04/2024 17:12:45,6.5,0,0,0,03/04/2024 17:13:31,6.5,0,0,0,03/04/2024 17:14:17,6.5,0,0,0
03/04/2024 17:10:38,6.6,0,0,0,03/04/2024 17:11:15,6.6,0,0,0,03/04/2024 17:12:00,6.6,0,0,0,03/04/2024 17:12:45,6.6,0,0,0,03/04/2024 17:13:31,6.6,0,0,0,03/04/2024 17:14:17,6.6,0,0,0
03/04/2024 17:10:38,6.7,0,0,0,03/04/2024 17:11:15,6.7,0,0,0,03/04/2024 17:12:00,6.7,0,0,0,03/04/2024 17:12:45,6.7,0,0,0,03/04/2024 17:13:31,6.7,0,0,0,03/04/2024 17:14:17,6.7,0,0,0
03/04/2024 17:10:38,6.8,0,0,0,03/04/2024 17:11:15,6.8,0,0,0,03/04/2024 17:12:00,6.8,0,0,0,03/04/2024 17:12:45,6.8,0,0,0,03/04/2024 17:13:31,6.8,0,0,0,03/04/2024 17:14:17,6.8,0,0,0
03/04/2024 17:10:38,6.9,0,0,0,03/04/2024 17:11:15,6.9,0,0,0,03/04/2024 17:12:00,6.9,0,0,0,03/04/2024 17:12:45,6.9,0,1,0,03/04/2024 17:13:31,6.9,0,0,0,03/04/2024 17:14:17,6.9,0,0,0
03/04/2024 17:10:39,7,0,0,0,03/04/2024 17:11:16,7,0,0,0,03/04/2024 17:12:01,7,0,1,0,03/04/2024 17:12:46,7,0,0,0,03/04/2024 17:13:32,7,0,0,0,03/04/2024 17:14:18,7,0,0,0
03/04/2024 17:10:39,7.1,0,0,0,03/04/2024 17:11:16,7.1,0,1,0,03/04/2024 17:12:01,7.1,0,0,0,03/04/2024 17:12:46,7.1,0,0,0,03/04/2024 17:13:32,7.1,0,0,0,03/04/2024 17:14:18,7.1,0,0,0
03/04/2024 17:10:39,7.2,0,0,0,03/04/2024 17:11:16,7.2,0,0,0,03/04/2024 17:12:01,7.2,0,0,0,03/04/2024 17:12:46,7.2,0,0,0,03/04/2024 17:13:32,7.2,0,0,0,03/04/2024 17:14:18,7.2,0,0,0
03/04/2024 17:10:39,7.3,0,0,0,03/04/2024 17:11:16,7.3,0,0,0,03/04/2024 17:12:01,7.3,0,0,0,03/04/2024 17:12:46,7.3,0,0,0,03/04/2024 17:13:32,7.3,0,0,0,03/04/2024 17:14:18,7.3,0,0,0
03/04/2024 17:10:39,7.4,0,0,0,03/04/2024 17:11:16,7.4,0,0,0,03/04/2024 17:12:01,7.4,0,0,0,03/04/2024 17:12:46,7.4,0,0,0,03/04/2024 17:13:32,7.4,0,0,0,03/04/2024 17:14:18,7.4,0,0,0
03/04/2024 17:10:39,7.5,0,0,0,03/04/2024 17:11:16,7.5,0,0,0,03/04/2024 17:12:01,7.5,0,0,0,03/04/2024 17:12:46,7.5,0,0,0,03/04/2024 17:13:32,7.5,0,0,0,03/04/2024 17:14:18,7.5,0,0,0
03/04/2024 17:10:39,7.6,0,0,0,03/04/2024 17:11:16,7.6,0,2,0,03/04/2024 17:12:01,7.6,0,5,0,03/04/2024 17:12:46,7.6,0,5,0,03/04/2024 17:13:32,7.6,0,11,0,03/04/2024 17:14:18,7.6,0,3,0
03/04/2024 17:10:39,7.7,0,6,0,03/04/2024 17:11:16,7.7,0,9,0,03/04/2024 17:12:01,7.7,0,13,0,03/04/2024 17:12:46,7.7,0,14,0,03/04/2024 17:13:32,7.7,0,19,0,03/04/2024 17:14:18,7.7,0,17,0
03/04/2024 17:10:39,7.8,0,6,0,03/04/2024 17:11:16,7.8,0,9,0,03/04/2024 17:12:01,7.8,0,16,0,03/04/2024 17:12:46,7.8,0,19,0,03/04/2024 17:13:32,7.8,0,23,0,03/04/2024 17:14:18,7.8,0,23,0
03/04/2024 17:10:39,7.9,0,7,0,03/04/2024 17:11:16,7.9,0,9,0,03/04/2024 17:12:01,7.9,0,17,0,03/04/2024 17:12:46,7.9,0,19,0,03/04/2024 17:13:32,7.9,0,25,0,03/04/2024 17:14:18,7.9,0,20,0
03/04/2024 17:10:40,8,0,7,0,03/04/2024 17:11:17,8,0,9,0,03/04/2024 17:12:02,8,0,17,0,03/04/2024 17:12:47,8,0,19,0,03/04/2024 17:13:33,8,0,24,0,03/04/2024 17:14:19,8,0,17,0
03/04/2024 17:10:40,8.1,0,7,0,03/04/2024 17:11:17,8.1,0,9,0,03/04/2024 17:12:02,8.1,0,18,0,03/04/2024 17:12:47,8.1,0,18,0,03/04/2024 17:13:33,8.1,0,25,0,03/04/2024 17:14:19,8.1,0,11,0
03/04/2024 17:10:40,8.2,0,7,0,03/04/2024 17:11:17,8.2,0,9,0,03/04/2024 17:12:02,8.2,0,17,0,03/04/2024 17:12:47,8.2,0,18,0,03/04/2024 17:13:33,8.2,0,25,0,03/04/2024 17:14:19,8.2,0,20,0
03/04/2024 17:10:40,8.3,0,7,0,03/04/2024 17:11:17,8.3,0,9,0,03/04/2024 17:12:02,8.3,0,17,0,03/04/2024 17:12:47,8.3,0,18,0,03/04/2024 17:13:33,8.3,0,25,0,03/04/2024 17:14:19,8.3,0,22,0
03/04/2024 17:10:40,8.4,0,7,0,03/04/2024 17:11:17,8.4,0,9,0,03/04/2024 17:12:02,8.4,0,17,0,03/04/2024 17:12:47,8.4,0,19,0,03/04/2024 17:13:33,8.4,0,23,0,03/04/2024 17:14:19,8.4,0,19,0
03/04/2024 17:10:40,8.5,0,7,0,03/04/2024 17:11:17,8.5,0,9,0,03/04/2024 17:12:02,8.5,0,17,0,03/04/2024 17:12:47,8.5,0,18,0,03/04/2024 17:13:33,8.5,0,23,0,03/04/2024 17:14:19,8.5,0,14,0
03/04/2024 17:10:40,8.6,0,7,0,03/04/2024 17:11:17,8.6,0,9,0,03/04/2024 17:12:02,8.6,0,16,0,03/04/2024 17:12:47,8.6,0,18,0,03/04/2024 17:13:33,8.6,0,23,0,03/04/2024 17:14:19,8.6,0,17,0
03/04/2024 17:10:40,8.7,0,7,0,03/04/2024 17:11:17,8.7,0,8,0,03/04/2024 17:12:02,8.7,0,16,0,03/04/2024 17:12:47,8.7,0,18,0,03/04/2024 17:13:33,8.7,0,24,0,03/04/2024 17:14:19,8.7,0,22,0
03/04/2024 17:10:40,8.8,0,7,0,03/04/2024 17:11:17,8.8,0,9,0,03/04/2024 17:12:02,8.8,0,16,0,03/04/2024 17:12:47,8.8,0,18,0,03/04/2024 17:13:33,8.8,0,24,0,03/04/2024 17:14:19,8.8,0,21,0
03/04/2024 17:10:40,8.9,0,7,0,03/04/2024 17:11:17,8.9,0,8,0,03/04/2024 17:12:02,8.9,0,16,0,03/04/2024 17:12:47,8.9,0,18,0,03/04/2024 17:13:33,8.9,0,24,0,03/04/2024 17:14:19,8.9,0,19,0
03/04/2024 17:10:41,9,0,7,0,03/04/2024 17:11:18,9,0,8,0,03/04/2024 17:12:03,9,0,16,0,03/04/2024 17:12:48,9,0,18,0,03/04/2024 17:13:34,9,0,24,0,03/04/2024 17:14:20,9,0,15,0
03/04/2024 17:10:41,9.1,0,7,0,03/04/2024 17:11:18,9.1,0,9,0,03/04/2024 17:12:03,9.1,0,16,0,03/04/2024 17:12:48,9.1,0,18,0,03/04/2024 17:13:34,9.1,0,24,0,03/04/2024 17:14:20,9.1,0,14,0
03/04/2024 17:10:41,9.2,0,7,0,03/04/2024 17:11:18,9.2,0,9,0,03/04/2024 17:12:03,9.2,0,16,0,03/04/2024 17:12:48,9.2,0,18,0,03/04/2024 17:13:34,9.2,0,23,0,03/04/2024 17:14:20,9.2,0,22,0
03/04/2024 17:10:41,9.3,0,7,0,03/04/2024 17:11:18,9.3,0,9,0,03/04/2024 17:12:03,9.3,0,16,0,03/04/2024 17:12:48,9.3,0,18,0,03/04/2024 17:13:34,9.3,0,24,0,03/04/2024 17:14:20,9.3,0,20,0
03/04/2024 17:10:41,9.4,0,7,0,03/04/2024 17:11:18,9.4,0,8,0,03/04/2024 17:12:03,9.4,0,16,0,03/04/2024 17:12:48,9.4,0,18,0,03/04/2024 17:13:34,9.4,0,24,0,03/04/2024 17:14:20,9.4,0,21,0
03/04/2024 17:10:41,9.5,0,6,0,03/04/2024 17:11:18,9.5,0,8,0,03/04/2024 17:12:03,9.5,0,16,0,03/04/2024 17:12:48,9.5,0,17,0,03/04/2024 17:13:34,9.5,0,24,0,03/04/2024 17:14:20,9.5,0,21,0
03/04/2024 17:10:41,9.6,0,6,0,03/04/2024 17:11:18,9.6,0,8,0,03/04/2024 17:12:03,9.6,0,16,0,03/04/2024 17:12:48,9.6,0,17,0,03/04/2024 17:13:34,9.6,0,24,0,03/04/2024 17:14:20,9.6,0,21,0
03/04/2024 17:10:41,9.7,0,6,0,03/04/2024 17:11:18,9.7,0,8,0,03/04/2024 17:12:03,9.7,0,16,0,03/04/2024 17:12:48,9.7,0,17,0,03/04/2024 17:13:34,9.7,0,24,0,03/04/2024 17:14:20,9.7,0,20,0
03/04/2024 17:10:41,9.8,0,6,0,03/04/2024 17:11:18,9.8,0,8,0,03/04/2024 17:12:03,9.8,0,16,0,03/04/2024 17:12:48,9.8,0,17,0,03/04/2024 17:13:34,9.8,0,24,0,03/04/2024 17:14:20,9.8,0,20,0
03/04/2024 17:10:41,9.9,0,6,0,03/04/2024 17:11:18,9.9,0,8,0,03/04/2024 17:12:03,9.9,0,16,0,03/04/2024 17:12:48,9.9,0,17,0,03/04/2024 17:13:34,9.9,0,23,0,03/04/2024 17:14:20,9.9,0,21,0
03/04/2024 17:10:42,10,0,6,0,03/04/2024 17:11:19,10,0,8,0,03/04/2024 17:12:04,10,0,16,0,03/04/2024 17:12:49,10,0,17,0,03/04/2024 17:13:35,10,0,24,0,03/04/2024 17:14:21,10,0,20,0
03/04/2024 17:10:42,10.1,0,6,0,03/04/2024 17:11:19,10.1,0,8,0,03/04/2024 17:12:04,10.1,0,16,0,03/04/2024 17:12:49,10.1,0,17,0,03/04/2024 17:13:35,10.1,0,24,0,03/04/2024 17:14:21,10.1,0,18,0
03/04/2024 17:10:42,10.2,0,6,0,03/04/2024 17:11:19,10.2,0,8,0,03/04/2024 17:12:04,10.2,0,16,0,03/04/2024 17:12:49,10.2,0,17,0,03/04/2024 17:13:35,10.2,0,24,0,03/04/2024 17:14:21,10.2,0,11,0
03/04/2024 17:10:42,10.3,0,6,0,03/04/2024 17:11:19,10.3,0,8,0,03/04/2024 17:12:04,10.3,0,16,0,03/04/2024 17:12:49,10.3,0,17,0,03/04/2024 17:13:35,10.3,0,24,0,03/04/2024 17:14:21,10.3,0,18,0
03/04/2024 17:10:42,10.4,0,6,0,03/04/2024 17:11:19,10.4,0,7,0,03/04/2024 17:12:04,10.4,0,16,0,03/04/2024 17:12:49,10.4,0,17,0,03/04/2024 17:13:35,10.4,0,23,0,03/04/2024 17:14:21,10.4,0,21,0
03/04/2024 17:10:42,10.5,0,6,0,03/04/2024 17:11:19,10.5,0,8,0,03/04/2024 17:12:04,10.5,0,16,0,03/04/2024 17:12:49,10.5,0,17,0,03/04/2024 17:13:35,10.5,0,24,0,03/04/2024 17:14:21,10.5,0,20,0
03/04/2024 17:10:42,10.6,0,6,0,03/04/2024 17:11:19,10.6,0,7,0,03/04/2024 17:12:04,10.6,0,16,0,03/04/2024 17:12:49,10.6,0,17,0,03/04/2024 17:13:35,10.6,0,24,0,03/04/2024 17:14:21,10.6,0,20,0
03/04/2024 17:10:42,10.7,0,6,0,03/04/2024 17:11:19,10.7,0,7,0,03/04/2024 17:12:04,10.7,0,16,0,03/04/2024 17:12:49,10.7,0,17,0,03/04/2024 17:13:35,10.7,0,24,0,03/04/2024 17:14:21,10.7,0,21,0
03/04/2024 17:10:42,10.8,0,6,0,03/04/2024 17:11:19,10.8,0,7,0,03/04/2024 17:12:04,10.8,0,16,0,03/04/2024 17:12:49,10.8,0,17,0,03/04/2024 17:13:35,10.8,0,24,0,03/04/2024 17:14:21,10.8,0,21,0
03/04/2024 17:10:42,10.9,0,6,0,03/04/2024 17:11:19,10.9,0,7,0,03/04/2024 17:12:04,10.9,0,15,0,03/04/2024 17:12:49,10.9,0,17,0,03/04/2024 17:13:35,10.9,0,24,0,03/04/2024 17:14:21,10.9,0,16,0
03/04/2024 17:10:43,11,0,6,0,03/04/2024 17:11:20,11,0,7,0,03/04/2024 17:12:05,11,0,16,0,03/04/2024 17:12:50,11,0,17,0,03/04/2024 17:13:36,11,0,23,0,03/04/2024 17:14:22,11,0,10,0
03/04/2024 17:10:43,11.1,0,6,0,03/04/2024 17:11:20,11.1,0,7,0,03/04/2024 17:12:05,11.1,0,15,0,03/04/2024 17:12:50,11.1,0,17,0,03/04/2024 17:13:36,11.1,0,23,0,03/04/2024 17:14:22,11.1,0,19,0
03/04/2024 17:10:43,11.2,0,6,0,03/04/2024 17:11:20,11.2,0,7,0,03/04/2024 17:12:05,11.2,0,16,0,03/04/2024 17:12:50,11.2,0,17,0,03/04/2024 17:13:36,11.2,0,23,0,03/04/2024 17:14:22,11.2,0,21,0
03/04/2024 17:10:43,11.3,0,6,0,03/04/2024 17:11:20,11.3,0,7,0,03/04/2024 17:12:05,11.3,0,15,0,03/04/2024 17:12:50,11.3,0,17,0,03/04/2024 17:13:36,11.3,0,23,0,03/04/2024 17:14:22,11.3,0,16,0
03/04/2024 17:10:43,11.4,0,6,0,03/04/2024 17:11:20,11.4,0,7,0,03/04/2024 17:12:05,11.4,0,15,0,03/04/2024 17:12:50,11.4,0,17,0,03/04/2024 17:13:36,11.4,0,23,0,03/04/2024 17:14:22,11.4,0,12,0
03/04/2024 17:10:43,11.5,0,6,0,03/04/2024 17:11:20,11.5,0,7,0,03/04/2024 17:12:05,11.5,0,13,0,03/04/2024 17:12:50,11.5,0,17,0,03/04/2024 17:13:36,11.5,0,11,0,03/04/2024 17:14:22,11.5,0,17,0
03/04/2024 17:10:43,11.6,0,0,0,03/04/2024 17:11:20,11.6,0,0,0,03/04/2024 17:12:05,11.6,0,0,0,03/04/2024 17:12:50,11.6,0,0,0,03/04/2024 17:13:36,11.6,0,0,0,03/04/2024 17:14:22,11.6,0,0,0
03/04/2024 17:10:43,11.7,0,0,0,03/04/2024 17:11:20,11.7,0,0,0,03/04/2024 17:12:05,11.7,0,0,0,03/04/2024 17:12:50,11.7,0,0,0,03/04/2024 17:13:36,11.7,0,0,0,03/04/2024 17:14:22,11.7,0,0,0
03/04/2024 17:10:43,11.8,0,0,0,03/04/2024 17:11:20,11.8,0,0,0,03/04/2024 17:12:05,11.8,0,0,0,03/04/2024 17:12:50,11.8,0,1,0,03/04/2024 17:13:36,11.8,0,0,0,03/04/2024 17:14:22,11.8,0,0,0
03/04/2024 17:10:43,11.9,0,0,0,03/04/2024 17:11:20,11.9,0,0,0,03/04/2024 17:12:05,11.9,0,0,0,03/04/2024 17:12:50,11.9,0,0,0,03/04/2024 17:13:36,11.9,0,0,0,03/04/2024 17:14:22,11.9,0,0,0
03/04/2024 17:10:44,12,0,0,0,03/04/2024 17:11:21,12,0,0,0,03/04/2024 17:12:06,12,0,0,0,03/04/2024 17:12:51,12,0,0,0,03/04/2024 17:13:37,12,0,0,0,03/04/2024 17:14:23,12,0,0,0
03/04/2024 17:10:44,12.1,0,0,0,03/04/2024 17:11:21,12.1,0,0,0,03/04/2024 17:12:06,12.1,0,0,0,03/04/2024 17:12:51,12.1,0,0,0,03/04/2024 17:13:37,12.1,0,0,0,03/04/2024 17:14:23,12.1,0,0,0
03/04/2024 17:10:44,12.2,0,0,0,03/04/2024 17:11:21,12.2,0,0,0,03/04/2024 17:12:06,12.2,0,0,0,03/04/2024 17:12:51,12.2,0,0,0,03/04/2024 17:13:37,12.2,0,0,0,03/04/2024 17:14:23,12.2,0,0,0
03/04/2024 17:10:44,12.3,0,0,0,03/04/2024 17:11:21,12.3,0,0,0,03/04/2024 17:12:06,12.3,0,0,0,03/04/2024 17:12:51,12.3,0,0,0,03/04/2024 17:13:37,12.3,0,0,0,03/04/2024 17:14:23,12.3,0,0,0
03/04/2024 17:10:44,12.4,0,0,0,03/04/2024 17:11:21,12.4,0,0,0,03/04/2024 17:12:06,12.4,0,0,0,03/04/2024 17:12:51,12.4,0,0,0,03/04/2024 17:13:37,12.4,0,0,0,03/04/2024 17:14:23,12.4,0,0,0
03/04/2024 17:10:44,12.5,0,0,0,03/04/2024 17:11:21,12.5,0,0,0,03/04/2024 17:12:06,12.5,0,0,0,03/04/2024 17:12:51,12.5,0,0,0,03/04/2024 17:13:37,12.5,0,0,0,03/04/2024 17:14:23,12.5,0,0,0
03/04/2024 17:10:44,12.6,0,0,0,03/04/2024 17:11:21,12.6,0,0,0,03/04/2024 17:12:06,12.6,0,0,0,03/04/2024 17:12:51,12.6,0,0,0,03/04/2024 17:13:37,12.6,0,0,0,03/04/2024 17:14:23,12.6,0,0,0
03/04/2024 17:10:44,12.7,0,0,0,03/04/2024 17:11:21,12.7,0,0,0,03/04/2024 17:12:06,12.7,0,0,0,03/04/2024 17:12:51,12.7,0,0,0,03/04/2024 17:13:37,12.7,0,0,0,03/04/2024 17:14:23,12.7,0,0,0
03/04/2024 17:10:44,12.8,0,0,0,03/04/2024 17:11:21,12.8,0,0,0,03/04/2024 17:12:06,12.8,0,0,0,03/04/2024 17:12:51,12.8,0,0,0,03/04/2024 17:13:37,12.8,0,0,0,03/04/2024 17:14:23,12.8,0,0,0
03/04/2024 17:10:44,12.9,0,0,0,03/04/2024 17:11:21,12.9,0,0,0,03/04/2024 17:12:06,12.9,0,0,0,03/04/2024 17:12:51,12.9,0,1,0,03/04/2024 17:13:37,12.9,0,0,0,03/04/2024 17:14:23,12.9,0,0,0
03/04/2024 17:10:45,13,0,0,0,03/04/2024 17:11:22,13,0,0,0,03/04/2024 17:12:07,13,0,0,0,03/04/2024 17:12:52,13,0,1,0,03/04/2024 17:13:38,13,0,0,0,03/04/2024 17:14:24,13,0,0,0
03/04/2024 17:10:45,13.1,0,0,0,03/04/2024 17:11:22,13.1,0,0,0,03/04/2024 17:12:07,13.1,0,0,0,03/04/2024 17:12:52,13.1,0,0,0,03/04/2024 17:13:38,13.1,0,0,0,03/04/2024 17:14:24,13.1,0,0,0
03/04/2024 17:10:45,13.2,0,0,0,03/04/2024 17:11:22,13.2,0,0,0,03/04/2024 17:12:07,13.2,0,0,0,03/04/2024 17:12:52,13.2,0,1,0,03/04/2024 17:13:38,13.2,0,0,0,03/04/2024 17:14:24,13.2,0,0,0
03/04/2024 17:10:45,13.3,0,0,0,03/04/2024 17:11:22,13.3,0,1,0,03/04/2024 17:12:07,13.3,0,0,0,03/04/2024 17:12:52,13.3,0,0,0,03/04/2024 17:13:38,13.3,0,0,0,03/04/2024 17:14:24,13.3,0,0,0
03/04/2024 17:10:45,13.4,0,0,0,03/04/2024 17:11:22,13.4,0,0,0,03/04/2024 17:12:07,13.4,0,0,0,03/04/2024 17:12:52,13.4,0,0,0,03/04/2024 17:13:38,13.4,0,0,0,03/04/2024 17:14:24,13.4,0,0,0
03/04/2024 17:10:45,13.5,0,0,0,03/04/2024 17:11:22,13.5,0,0,0,03/04/2024 17:12:07,13.5,0,0,0,03/04/2024 17:12:52,13.5,0,0,0,03/04/2024 17:13:38,13.5,0,0,0,03/04/2024 17:14:24,13.5,0,1,0
03/04/2024 17:10:45,13.6,0,0,0,03/04/2024 17:11:22,13.6,0,0,0,03/04/2024 17:12:07,13.6,0,0,0,03/04/2024 17:12:52,13.6,0,0,0,03/04/2024 17:13:38,13.6,0,0,0,03/04/2024 17:14:24,13.6,0,0,0
03/04/2024 17:10:45,13.7,0,0,0,03/04/2024 17:11:22,13.7,0,0,0,03/04/2024 17:12:07,13.7,0,0,0,03/04/2024 17:12:52,13.7,0,0,0,03/04/2024 17:13:38,13.7,0,0,0,03/04/2024 17:14:24,13.7,0,0,0
03/04/2024 17:10:45,13.8,0,0,0,03/04/2024 17:11:22,13.8,0,0,0,03/04/2024 17:12:07,13.8,0,0,0,03/04/2024 17:12:52,13.8,0,0,0,03/04/2024 17:13:38,13.8,0,0,0,03/04/2024 17:14:24,13.8,0,0,0
03/04/2024 17:10:45,13.9,0,0,0,03/04/2024 17:11:22,13.9,0,0,0,03/04/2024 17:12:07,13.9,0,0,0,03/04/2024 17:12:52,13.9,0,0,0,03/04/2024 17:13:38,13.9,0,0,0,03/04/2024 17:14:24,13.9,0,0,0
03/04/2024 17:10:46,14,0,0,0,03/04/2024 17:11:23,14,0,0,0,03/04/2024 17:12:08,14,0,0,0,03/04/2024 17:12:53,14,0,1,0,03/04/2024 17:13:39,14,0,0,0,03/04/2024 17:14:25,14,0,0,0
03/04/2024 17:10:46,14.1,0,0,0,03/04/2024 17:11:23,14.1,0,0,0,03/04/2024 17:12:08,14.1,0,0,0,03/04/2024 17:12:53,14.1,0,0,0,03/04/2024 17:13:39,14.1,0,0,0,03/04/2024 17:14:25,14.1,0,0,0
03/04/2024 17:10:46,14.2,0,0,0,03/04/2024 17:11:23,14.2,0,0,0,03/04/2024 17:12:08,14.2,0,0,0,03/04/2024 17:12:53,14.2,0,1,0,03/04/2024 17:13:39,14.2,0,0,0,03/04/2024 17:14:25,14.2,0,1,0
03/04/2024 17:10:46,14.3,0,0,0,03/04/2024 17:11:23,14.3,0,1,0,03/04/2024 17:12:08,14.3,0,0,0,03/04/2024 17:12:53,14.3,0,1,0,03/04/2024 17:13:39,14.3,0,0,0,03/04/2024 17:14:25,14.3,0,0,0
03/04/2024 17:10:46,14.4,0,0,0,03/04/2024 17:11:23,14.4,0,0,0,03/04/2024 17:12:08,14.4,0,0,0,03/04/2024 17:12:53,14.4,0,1,0,03/04/2024 17:13:39,14.4,0,0,0,03/04/2024 17:14:25,14.4,0,0,0
03/04/2024 17:10:46,14.5,0,0,0,03/04/2024 17:11:23,14.5,0,0,0,03/04/2024 17:12:08,14.5,0,0,0,03/04/2024 17:12:53,14.5,0,0,0,03/04/2024 17:13:39,14.5,0,0,0,03/04/2024 17:14:25,14.5,0,0,0
03/04/2024 17:10:46,14.6,0,0,0,03/04/2024 17:11:23,14.6,0,1,0,03/04/2024 17:12:08,14.6,0,5,0,03/04/2024 17:12:53,14.6,0,6,0,03/04/2024 17:13:39,14.6,0,10,0,03/04/2024 17:14:25,14.6,0,4,0
03/04/2024 17:10:46,14.7,0,7,0,03/04/2024 17:11:23,14.7,0,10,0,03/04/2024 17:12:08,14.7,0,12,0,03/04/2024 17:12:53,14.7,0,15,0,03/04/2024 17:13:39,14.7,0,18,0,03/04/2024 17:14:25,14.7,0,18,0
03/04/2024 17:10:46,14.8,0,6,0,03/04/2024 17:11:23,14.8,0,9,0,03/04/2024 17:12:08,14.8,0,16,0,03/04/2024 17:12:53,14.8,0,19,0,03/04/2024 17:13:39,14.8,0,23,0,03/04/2024 17:14:25,14.8,0,23,0
03/04/2024 17:10:46,14.9,0,6,0,03/04/2024 17:11:23,14.9,0,9,0,03/04/2024 17:12:08,14.9,0,17,0,03/04/2024 17:12:53,14.9,0,19,0,03/04/2024 17:13:39,14.9,0,25,0,03/04/2024 17:14:25,14.9,0,20,0
03/04/2024 17:10:47,15,0,6,0,03/04/2024 17:11:24,15,0,9,0,03/04/2024 17:12:09,15,0,17,0,03/04/2024 17:12:54,15,0,19,0,03/04/2024 17:13:40,15,0,23,0,03/04/2024 17:14:26,15,0,20,0
03/04/2024 17:10:47,15.1,0,6,0,03/04/2024 17:11:24,15.1,0,9,0,03/04/2024 17:12:09,15.1,0,17,0,03/04/2024 17:12:54,15.1,0,19,0,03/04/2024 17:13:40,15.1,0,23,0,03/04/2024 17:14:26,15.1,0,20,0
03/04/2024 17:10:47,15.2,0,5,0,03/04/2024 17:11:24,15.2,0,9,0,03/04/2024 17:12:09,15.2,0,17,0,03/04/2024 17:12:54,15.2,0,19,0,03/04/2024 17:13:40,15.2,0,23,0,03/04/2024 17:14:26,15.2,0,20,0
03/04/2024 17:10:47,15.3,0,6,0,03/04/2024 17:11:24,15.3,0,9,0,03/04/2024 17:12:09,15.3,0,17,0,03/04/2024 17:12:54,15.3,0,18,0,03/04/2024 17:13:40,15.3,0,23,0,03/04/2024 17:14:26,15.3,0,21,0
03/04/2024 17:10:47,15.4,0,5,0,03/04/2024 17:11:24,15.4,0,9,0,03/04/2024 17:12:09,15.4,0,17,0,03/04/2024 17:12:54,15.4,0,18,0,03/04/2024 17:13:40,15.4,0,23,0,03/04/2024 17:14:26,15.4,0,20,0
03/04/2024 17:10:47,15.5,0,5,0,03/04/2024 17:11:24,15.5,0,9,0,03/04/2024 17:12:09,15.5,0,17,0,03/04/2024 17:12:54,15.5,0,18,0,03/04/2024 17:13:40,15.5,0,23,0,03/04/2024 17:14:26,15.5,0,20,0
03/04/2024 17:10:47,15.6,0,5,0,03/04/2024 17:11:24,15.6,0,9,0,03/04/2024 17:12:09,15.6,0,17,0,03/04/2024 17:12:54,15.6,0,18,0,03/04/2024 17:13:40,15.6,0,24,0,03/04/2024 17:14:26,15.6,0,21,0
03/04/2024 17:10:47,15.7,0,5,0,03/04/2024 17:11:24,15.7,0,8,0,03/04/2024 17:12:09,15.7,0,17,0,03/04/2024 17:12:54,15.7,0,18,0,03/04/2024 17:13:40,15.7,0,24,0,03/04/2024 17:14:26,15.7,0,21,0
03/04/2024 17:10:47,15.8,0,5,0,03/04/2024 17:11:24,15.8,0,9,0,03/04/2024 17:12:09,15.8,0,16,0,03/04/2024 17:12:54,15.8,0,18,0,03/04/2024 17:13:40,15.8,0,23,0,03/04/2024 17:14:26,15.8,0,20,0
03/04/2024 17:10:47,15.9,0,5,0,03/04/2024 17:11:24,15.9,0,9,0,03/04/2024 17:12:09,15.9,0,17,0,03/04/2024 17:12:54,15.9,0,18,0,03/04/2024 17:13:40,15.9,0,23,0,03/04/2024 17:14:26,15.9,0,21,0
03/04/2024 17:10:48,16,0,5,0,03/04/2024 17:11:25,16,0,9,0,03/04/2024 17:12:10,16,0,17,0,03/04/2024 17:12:55,16,0,18,0,03/04/2024 17:13:41,16,0,23,0,03/04/2024 17:14:27,16,0,20,0
03/04/2024 17:10:48,16.1,0,5,0,03/04/2024 17:11:25,16.1,0,9,0,03/04/2024 17:12:10,16.1,0,16,0,03/04/2024 17:12:55,16.1,0,18,0,03/04/2024 17:13:41,16.1,0,23,0,03/04/2024 17:14:27,16.1,0,21,0
03/04/2024 17:10:48,16.2,0,5,0,03/04/2024 17:11:25,16.2,0,8,0,03/04/2024 17:12:10,16.2,0,16,0,03/04/2024 17:12:55,16.2,0,18,0,03/04/2024 17:13:41,16.2,0,20,0,03/04/2024 17:14:27,16.2,0,21,0
03/04/2024 17:10:48,16.3,0,5,0,03/04/2024 17:11:25,16.3,0,8,0,03/04/2024 17:12:10,16.3,0,17,0,03/04/2024 17:12:55,16.3,0,17,0,03/04/2024 17:13:41,16.3,0,19,0,03/04/2024 17:14:27,16.3,0,20,0
03/04/2024 17:10:48,16.4,0,5,0,03/04/2024 17:11:25,16.4,0,9,0,03/04/2024 17:12:10,16.4,0,16,0,03/04/2024 17:12:55,16.4,0,18,0,03/04/2024 17:13:41,16.4,0,16,0,03/04/2024 17:14:27,16.4,0,19,0
03/04/2024 17:10:48,16.5,0,5,0,03/04/2024 17:11:25,16.5,0,9,0,03/04/2024 17:12:10,16.5,0,16,0,03/04/2024 17:12:55,16.5,0,18,0,03/04/2024 17:13:41,16.5,0,21,0,03/04/2024 17:14:27,16.5,0,14,0
03/04/2024 17:10:48,16.6,0,5,0,03/04/2024 17:11:25,16.6,0,8,0,03/04/2024 17:12:10,16.6,0,16,0,03/04/2024 17:12:55,16.6,0,18,0,03/04/2024 17:13:41,16.6,0,24,0,03/04/2024 17:14:27,16.6,0,16,0
03/04/2024 17:10:48,16.7,0,5,0,03/04/2024 17:11:25,16.7,0,9,0,03/04/2024 17:12:10,16.7,0,16,0,03/04/2024 17:12:55,16.7,0,18,0,03/04/2024 17:13:41,16.7,0,23,0,03/04/2024 17:14:27,16.7,0,21,0
03/04/2024 17:10:48,16.8,0,4,0,03/04/2024 17:11:25,16.8,0,8,0,03/04/2024 17:12:10,16.8,0,16,0,03/04/2024 17:12:55,16.8,0,18,0,03/04/2024 17:13:41,16.8,0,24,0,03/04/2024 17:14:27,16.8,0,20,0
03/04/2024 17:10:48,16.9,0,5,0,03/04/2024 17:11:25,16.9,0,8,0,03/04/2024 17:12:10,16.9,0,16,0,03/04/2024 17:12:55,16.9,0,18,0,03/04/2024 17:13:41,16.9,0,24,0,03/04/2024 17:14:27,16.9,0,20,0
03/04/2024 17:10:49,17,0,5,0,03/04/2024 17:11:26,17,0,8,0,03/04/2024 17:12:11,17,0,16,0,03/04/2024 17:12:56,17,0,18,0,03/04/2024 17:13:42,17,0,20,0,03/04/2024 17:14:28,17,0,21,0
03/04/2024 17:10:49,17.1,0,5,0,03/04/2024 17:11:26,17.1,0,8,0,03/04/2024 17:12:11,17.1,0,15,0,03/04/2024 17:12:56,17.1,0,18,0,03/04/2024 17:13:42,17.1,0,20,0,03/04/2024 17:14:28,17.1,0,19,0
03/04/2024 17:10:49,17.2,0,5,0,03/04/2024 17:11:26,17.2,0,8,0,03/04/2024 17:12:11,17.2,0,16,0,03/04/2024 17:12:56,17.2,0,18,0,03/04/2024 17:13:42,17.2,0,19,0,03/04/2024 17:14:28,17.2,0,20,0
03/04/2024 17:10:49,17.3,0,5,0,03/04/2024 17:11:26,17.3,0,8,0,03/04/2024 17:12:11,17.3,0,16,0,03/04/2024 17:12:56,17.3,0,17,0,03/04/2024 17:13:42,17.3,0,19,0,03/04/2024 17:14:28,17.3,0,20,0
03/04/2024 17:10:49,17.4,0,5,0,03/04/2024 17:11:26,17.4,0,7,0,03/04/2024 17:12:11,17.4,0,16,0,03/04/2024 17:12:56,17.4,0,18,0,03/04/2024 17:13:42,17.4,0,23,0,03/04/2024 17:14:28,17.4,0,20,0
03/04/2024 17:10:49,17.5,0,5,0,03/04/2024 17:11:26,17.5,0,8,0,03/04/2024 17:12:11,17.5,0,16,0,03/04/2024 17:12:56,17.5,0,18,0,03/04/2024 17:13:42,17.5,0,23,0,03/04/2024 17:14:28,17.5,0,20,0
03/04/2024 17:10:49,17.6,0,5,0,03/04/2024 17:11:26,17.6,0,8,0,03/04/2024 17:12:11,17.6,0,16,0,03/04/2024 17:12:56,17.6,0,18,0,03/04/2024 17:13:42,17.6,0,24,0,03/04/2024 17:14:28,17.6,0,20,0
03/04/2024 17:10:49,17.7,0,5,0,03/04/2024 17:11:26,17.7,0,8,0,03/04/2024 17:12:11,17.7,0,15,0,03/04/2024 17:12:56,17.7,0,18,0,03/04/2024 17:13:42,17.7,0,23,0,03/04/2024 17:14:28,17.7,0,20,0
03/04/2024 17:10:49,17.8,0,5,0,03/04/2024 17:11:26,17.8,0,7,0,03/04/2024 17:12:11,17.8,0,16,0,03/04/2024 17:12:56,17.8,0,18,0,03/04/2024 17:13:42,17.8,0,23,0,03/04/2024 17:14:28,17.8,0,17,0
03/04/2024 17:10:49,17.9,0,5,0,03/04/2024 17:11:26,17.9,0,8,0,03/04/2024 17:12:11,17.9,0,15,0,03/04/2024 17:12:56,17.9,0,17,0,03/04/2024 17:13:42,17.9,0,24,0,03/04/2024 17:14:28,17.9,0,10,0
03/04/2024 17:10:50,18,0,5,0,03/04/2024 17:11:27,18,0,7,0,03/04/2024 17:12:12,18,0,16,0,03/04/2024 17:12:57,18,0,17,0,03/04/2024 17:13:43,18,0,23,0,03/04/2024 17:14:29,18,0,20,0
03/04/2024 17:10:50,18.1,0,5,0,03/04/2024 17:11:27,18.1,0,7,0,03/04/2024 17:12:12,18.1,0,16,0,03/04/2024 17:12:57,18.1,0,17,0,03/04/2024 17:13:43,18.1,0,23,0,03/04/2024 17:14:29,18.1,0,21,0
03/04/2024 17:10:50,18.2,0,4,0,03/04/2024 17:11:27,18.2,0,7,0,03/04/2024 17:12:12,18.2,0,16,0,03/04/2024 17:12:57,18.2,0,17,0,03/04/2024 17:13:43,18.2,0,23,0,03/04/2024 17:14:29,18.2,0,19,0
03/04/2024 17:10:50,18.3,0,5,0,03/04/2024 17:11:27,18.3,0,8,0,03/04/2024 17:12:12,18.3,0,16,0,03/04/2024 17:12:57,18.3,0,17,0,03/04/2024 17:13:43,18.3,0,24,0,03/04/2024 17:14:29,18.3,0,19,0
03/04/2024 17:10:50,18.4,0,5,0,03/04/2024 17:11:27,18.4,0,8,0,03/04/2024 17:12:12,18.4,0,16,0,03/04/2024 17:12:57,18.4,0,17,0,03/04/2024 17:13:43,18.4,0,23,0,03/04/2024 17:14:29,18.4,0,10,0
03/04/2024 17:10:50,18.5,0,5,0,03/04/2024 17:11:27,18.5,0,7,0,03/04/2024 17:12:12,18.5,0,14,0,03/04/2024 17:12:57,18.5,0,18,0,03/04/2024 17:13:43,18.5,0,12,0,03/04/2024 17:14:29,18.5,0,19,0
03/04/2024 17:10:50,18.6,0,0,0,03/04/2024 17:11:27,18.6,0,0,0,03/04/2024 17:12:12,18.6,0,0,0,03/04/2024 17:12:57,18.6,0,0,0,03/04/2024 17:13:43,18.6,0,0,0,03/04/2024 17:14:29,18.6,0,0,0
03/04/2024 17:10:50,18.7,0,0,0,03/04/2024 17:11:27,18.7,0,0,0,03/04/2024 17:12:12,18.7,0,0,0,03/04/2024 17:12:57,18.7,0,1,0,03/04/2024 17:13:43,18.7,0,0,0,03/04/2024 17:14:29,18.7,0,0,0
03/04/2024 17:10:50,18.8,0,0,0,03/04/2024 17:11:27,18.8,0,0,0,03/04/2024 17:12:12,18.8,0,0,0,03/04/2024 17:12:57,18.8,0,0,0,03/04/2024 17:13:43,18.8,0,0,0,03/04/2024 17:14:29,18.8,0,0,0
03/04/2024 17:10:50,18.9,0,0,0,03/04/2024 17:11:27,18.9,0,0,0,03/04/2024 17:12:12,18.9,0,0,0,03/04/2024 17:12:57,18.9,0,1,0,03/04/2024 17:13:43,18.9,0,0,0,03/04/2024 17:14:29,18.9,0,0,0
03/04/2024 17:10:51,19,0,0,0,03/04/2024 17:11:28,19,0,0,0,03/04/2024 17:12:13,19,0,0,0,03/04/2024 17:12:58,19,0,0,0,03/04/2024 17:13:44,19,0,0,0,03/04/2024 17:14:30,19,0,0,0
03/04/2024 17:10:51,19.1,0,0,0,03/04/2024 17:11:28,19.1,0,0,0,03/04/2024 17:12:13,19.1,0,0,0,03/04/2024 17:12:58,19.1,0,1,0,03/04/2024 17:13:44,19.1,0,0,0,03/04/2024 17:14:30,19.1,0,0,0
03/04/2024 17:10:51,19.2,0,0,0,03/04/2024 17:11:28,19.2,0,0,0,03/04/2024 17:12:13,19.2,0,0,0,03/04/2024 17:12:58,19.2,0,1,0,03/04/2024 17:13:44,19.2,0,0,0,03/04/2024 17:14:30,19.2,0,0,0
03/04/2024 17:10:51,19.3,0,0,0,03/04/2024 17:11:28,19.3,0,0,0,03/04/2024 17:12:13,19.3,0,0,0,03/04/2024 17:12:58,19.3,0,1,0,03/04/2024 17:13:44,19.3,0,0,0,03/04/2024 17:14:30,19.3,0,0,0
03/04/2024 17:10:51,19.4,0,0,0,03/04/2024 17:11:28,19.4,0,0,0,03/04/2024 17:12:13,19.4,0,0,0,03/04/2024 17:12:58,19.4,0,1,0,03/04/2024 17:13:44,19.4,0,0,0,03/04/2024 17:14:30,19.4,0,0,0
03/04/2024 17:10:51,19.5,0,0,0,03/04/2024 17:11:28,19.5,0,0,0,03/04/2024 17:12:13,19.5,0,0,0,03/04/2024 17:12:58,19.5,0,0,0,03/04/2024 17:13:44,19.5,0,0,0,03/04/2024 17:14:30,19.5,0,0,0
03/04/2024 17:10:51,19.6,0,0,0,03/04/2024 17:11:28,19.6,0,0,0,03/04/2024 17:12:13,19.6,0,0,0,03/04/2024 17:12:58,19.6,0,0,0,03/04/2024 17:13:44,19.6,0,0,0,03/04/2024 17:14:30,19.6,0,0,0
03/04/2024 17:10:51,19.7,0,0,0,03/04/2024 17:11:28,19.7,0,0,0,03/04/2024 17:12:13,19.7,0,0,0,03/04/2024 17:12:58,19.7,0,0,0,03/04/2024 17:13:44,19.7,0,0,0,03/04/2024 17:14:30,19.7,0,1,0
03/04/2024 17:10:51,19.8,0,0,0,03/04/2024 17:11:28,19.8,0,0,0,03/04/2024 17:12:13,19.8,0,0,0,03/04/2024 17:12:58,19.8,0,0,0,03/04/2024 17:13:44,19.8,0,0,0,03/04/2024 17:14:30,19.8,0,0,0
03/04/2024 17:10:51,19.9,0,0,0,03/04/2024 17:11:28,19.9,0,0,0,03/04/2024 17:12:13,19.9,0,0,0,03/04/2024 17:12:58,19.9,0,0,0,03/04/2024 17:13:44,19.9,0,0,0,03/04/2024 17:14:30,19.9,0,0,0
03/04/2024 17:10:52,20,0,0,0,03/04/2024 17:11:29,20,0,0,0,03/04/2024 17:12:14,20,0,0,0,03/04/2024 17:12:59,20,0,0,0,03/04/2024 17:13:45,20,0,0,0,03/04/2024 17:14:31,20,0,1,0
03/04/2024 17:10:52,20.1,0,0,0,03/04/2024 17:11:29,20.1,0,0,0,03/04/2024 17:12:14,20.1,0,0,0,03/04/2024 17:12:59,20.1,0,0,0,03/04/2024 17:13:45,20.1,0,0,0,03/04/2024 17:14:31,20.1,0,0,0
03/04/2024 17:10:52,20.2,0,0,0,03/04/2024 17:11:29,20.2,0,0,0,03/04/2024 17:12:14,20.2,0,0,0,03/04/2024 17:12:59,20.2,0,0,0,03/04/2024 17:13:45,20.2,0,0,0,03/04/2024 17:14:31,20.2,0,1,0
03/04/2024 17:10:52,20.3,0,0,0,03/04/2024 17:11:29,20.3,0,0,0,03/04/2024 17:12:14,20.3,0,0,0,03/04/2024 17:12:59,20.3,0,0,0,03/04/2024 17:13:45,20.3,0,0,0,03/04/2024 17:14:31,20.3,0,0,0
03/04/2024 17:10:52,20.4,0,0,0,03/04/2024 17:11:29,20.4,0,0,0,03/04/2024 17:12:14,20.4,0,0,0,03/04/2024 17:12:59,20.4,0,0,0,03/04/2024 17:13:45,20.4,0,0,0,03/04/2024 17:14:31,20.4,0,0,0
03/04/2024 17:10:52,20.5,0,0,0,03/04/2024 17:11:29,20.5,0,0,0,03/04/2024 17:12:14,20.5,0,0,0,03/04/2024 17:12:59,20.5,0,1,0,03/04/2024 17:13:45,20.5,0,0,0,03/04/2024 17:14:31,20.5,0,0,0
03/04/2024 17:10:52,20.6,0,0,0,03/04/2024 17:11:29,20.6,0,0,0,03/04/2024 17:12:14,20.6,0,0,0,03/04/2024 17:12:59,20.6,0,0,0,03/04/2024 17:13:45,20.6,0,0,0,03/04/2024 17:14:31,20.6,0,0,0
03/04/2024 17:10:52,20.7,0,0,0,03/04/2024 17:11:29,20.7,0,0,0,03/04/2024 17:12:14,20.7,0,0,0,03/04/2024 17:12:59,20.7,0,0,0,03/04/2024 17:13:45,20.7,0,0,0,03/04/2024 17:14:31,20.7,0,0,0
03/04/2024 17:10:52,20.8,0,0,0,03/04/2024 17:11:29,20.8,0,0,0,03/04/2024 17:12:14,20.8,0,0,0,03/04/2024 17:12:59,20.8,0,0,0,03/04/2024 17:13:45,20.8,0,0,0,03/04/2024 17:14:31,20.8,0,0,0
03/04/2024 17:10:52,20.9,0,0,0,03/04/2024 17:11:29,20.9,0,0,0,03/04/2024 17:12:14,20.9,0,0,0,03/04/2024 17:12:59,20.9,0,0,0,03/04/2024 17:13:45,20.9,0,0,0,03/04/2024 17:14:31,20.9,0,0,0
03/04/2024 17:10:53,21,0,0,0,03/04/2024 17:11:30,21,0,0,0,03/04/2024 17:12:15,21,0,0,0,03/04/2024 17:13:00,21,0,0,0,03/04/2024 17:13:46,21,0,0,0,03/04/2024 17:14:32,21,0,0,0
03/04/2024 17:10:53,21.1,0,0,0,03/04/2024 17:11:30,21.1,0,0,0,03/04/2024 17:12:15,21.1,0,0,0,03/04/2024 17:13:00,21.1,0,0,0,03/04/2024 17:13:46,21.1,0,0,0,03/04/2024 17:14:32,21.1,0,0,0
03/04/2024 17:10:53,21.2,0,0,0,03/04/2024 17:11:30,21.2,0,0,0,03/04/2024 17:12:15,21.2,0,0,0,03/04/2024 17:13:00,21.2,0,0,0,03/04/2024 17:13:46,21.2,0,0,0,03/04/2024 17:14:32,21.2,0,0,0
03/04/2024 17:10:53,21.3,0,0,0,03/04/2024 17:11:30,21.3,0,0,0,03/04/2024 17:12:15,21.3,0,0,0,03/04/2024 17:13:00,21.3,0,0,0,03/04/2024 17:13:46,21.3,0,0,0,03/04/2024 17:14:32,21.3,0,0,0
03/04/2024 17:10:53,21.4,0,0,0,03/04/2024 17:11:30,21.4,0,0,0,03/04/2024 17:12:15,21.4,0,0,0,03/04/2024 17:13:00,21.4,0,0,0,03/04/2024 17:13:46,21.4,0,0,0,03/04/2024 17:14:32,21.4,0,0,0
03/04/2024 17:10:53,21.5,0,0,0,03/04/2024 17:11:30,21.5,0,0,0,03/04/2024 17:12:15,21.5,0,0,0,03/04/2024 17:13:00,21.5,0,0,0,03/04/2024 17:13:46,21.5,0,0,0,03/04/2024 17:14:32,21.5,0,0,0
03/04/2024 17:10:53,21.6,0,0,0,03/04/2024 17:11:30,21.6,0,1,0,03/04/2024 17:12:15,21.6,0,4,0,03/04/2024 17:13:00,21.6,0,5,0,03/04/2024 17:13:46,21.6,0,10,0,03/04/2024 17:14:32,21.6,0,3,0
03/04/2024 17:10:53,21.7,0,6,0,03/04/2024 17:11:30,21.7,0,9,0,03/04/2024 17:12:15,21.7,0,12,0,03/04/2024 17:13:00,21.7,0,14,0,03/04/2024 17:13:46,21.7,0,18,0,03/04/2024 17:14:32,21.7,0,17,0
03/04/2024 17:10:53,21.8,0,6,0,03/04/2024 17:11:30,21.8,0,10,0,03/04/2024 17:12:15,21.8,0,16,0,03/04/2024 17:13:00,21.8,0,19,0,03/04/2024 17:13:46,21.8,0,23,0,03/04/2024 17:14:32,21.8,0,22,0
03/04/2024 17:10:53,21.9,0,6,0,03/04/2024 17:11:30,21.9,0,10,0,03/04/2024 17:12:15,21.9,0,17,0,03/04/2024 17:13:00,21.9,0,19,0,03/04/2024 17:13:46,21.9,0,23,0,03/04/2024 17:14:32,21.9,0,20,0
03/04/2024 17:10:54,22,0,6,0,03/04/2024 17:11:31,22,0,9,0,03/04/2024 17:12:16,22,0,17,0,03/04/2024 17:13:01,22,0,19,0,03/04/2024 17:13:47,22,0,23,0,03/04/2024 17:14:33,22,0,20,0
03/04/2024 17:10:54,22.1,0,6,0,03/04/2024 17:11:31,22.1,0,9,0,03/04/2024 17:12:16,22.1,0,17,0,03/04/2024 17:13:01,22.1,0,19,0,03/04/2024 17:13:47,22.1,0,24,0,03/04/2024 17:14:33,22.1,0,21,0
03/04/2024 17:10:54,22.2,0,6,0,03/04/2024 17:11:31,22.2,0,10,0,03/04/2024 17:12:16,22.2,0,17,0,03/04/2024 17:13:01,22.2,0,19,0,03/04/2024 17:13:47,22.2,0,23,0,03/04/2024 17:14:33,22.2,0,21,0
03/04/2024 17:10:54,22.3,0,5,0,03/04/2024 17:11:31,22.3,0,10,0,03/04/2024 17:12:16,22.3,0,16,0,03/04/2024 17:13:01,22.3,0,19,0,03/04/2024 17:13:47,22.3,0,23,0,03/04/2024 17:14:33,22.3,0,20,0
03/04/2024 17:10:54,22.4,0,5,0,03/04/2024 17:11:31,22.4,0,9,0,03/04/2024 17:12:16,22.4,0,16,0,03/04/2024 17:13:01,22.4,0,19,0,03/04/2024 17:13:47,22.4,0,23,0,03/04/2024 17:14:33,22.4,0,21,0
03/04/2024 17:10:54,22.5,0,5,0,03/04/2024 17:11:31,22.5,0,9,0,03/04/2024 17:12:16,22.5,0,16,0,03/04/2024 17:13:01,22.5,0,18,0,03/04/2024 17:13:47,22.5,0,23,0,03/04/2024 17:14:33,22.5,0,21,0
03/04/2024 17:10:54,22.6,0,5,0,03/04/2024 17:11:31,22.6,0,9,0,03/04/2024 17:12:16,22.6,0,17,0,03/04/2024 17:13:01,22.6,0,19,0,03/04/2024 17:13:47,22.6,0,23,0,03/04/2024 17:14:33,22.6,0,20,0
03/04/2024 17:10:54,22.7,0,5,0,03/04/2024 17:11:31,22.7,0,9,0,03/04/2024 17:12:16,22.7,0,17,0,03/04/2024 17:13:01,22.7,0,19,0,03/04/2024 17:13:47,22.7,0,23,0,03/04/2024 17:14:33,22.7,0,20,0
03/04/2024 17:10:54,22.8,0,5,0,03/04/2024 17:11:31,22.8,0,9,0,03/04/2024 17:12:16,22.8,0,17,0,03/04/2024 17:13:01,22.8,0,18,0,03/04/2024 17:13:47,22.8,0,23,0,03/04/2024 17:14:33,22.8,0,20,0
03/04/2024 17:10:54,22.9,0,5,0,03/04/2024 17:11:31,22.9,0,9,0,03/04/2024 17:12:16,22.9,0,17,0,03/04/2024 17:13:01,22.9,0,19,0,03/04/2024 17:13:47,22.9,0,23,0,03/04/2024 17:14:33,22.9,0,20,0
03/04/2024 17:10:55,23,0,5,0,03/04/2024 17:11:32,23,0,9,0,03/04/2024 17:12:17,23,0,16,0,03/04/2024 17:13:02,23,0,18,0,03/04/2024 17:13:48,23,0,24,0,03/04/2024 17:14:34,23,0,18,0
03/04/2024 17:10:55,23.1,0,5,0,03/04/2024 17:11:32,23.1,0,9,0,03/04/2024 17:12:17,23.1,0,16,0,03/04/2024 17:13:02,23.1,0,18,0,03/04/2024 17:13:48,23.1,0,24,0,03/04/2024 17:14:34,23.1,0,15,0
03/04/2024 17:10:55,23.2,0,5,0,03/04/2024 17:11:32,23.2,0,9,0,03/04/2024 17:12:17,23.2,0,16,0,03/04/2024 17:13:02,23.2,0,19,0,03/04/2024 17:13:48,23.2,0,23,0,03/04/2024 17:14:34,23.2,0,11,0
03/04/2024 17:10:55,23.3,0,5,0,03/04/2024 17:11:32,23.3,0,9,0,03/04/2024 17:12:17,23.3,0,16,0,03/04/2024 17:13:02,23.3,0,18,0,03/04/2024 17:13:48,23.3,0,23,0,03/04/2024 17:14:34,23.3,0,20,0
03/04/2024 17:10:55,23.4,0,5,0,03/04/2024 17:11:32,23.4,0,9,0,03/04/2024 17:12:17,23.4,0,16,0,03/04/2024 17:13:02,23.4,0,18,0,03/04/2024 17:13:48,23.4,0,23,0,03/04/2024 17:14:34,23.4,0,20,0
03/04/2024 17:10:55,23.5,0,5,0,03/04/2024 17:11:32,23.5,0,9,0,03/04/2024 17:12:17,23.5,0,16,0,03/04/2024 17:13:02,23.5,0,18,0,03/04/2024 17:13:48,23.5,0,23,0,03/04/2024 17:14:34,23.5,0,19,0
03/04/2024 17:10:55,23.6,0,5,0,03/04/2024 17:11:32,23.6,0,9,0,03/04/2024 17:12:17,23.6,0,16,0,03/04/2024 17:13:02,23.6,0,18,0,03/04/2024 17:13:48,23.6,0,23,0,03/04/2024 17:14:34,23.6,0,20,0
03/04/2024 17:10:55,23.7,0,5,0,03/04/2024 17:11:32,23.7,0,9,0,03/04/2024 17:12:17,23.7,0,16,0,03/04/2024 17:13:02,23.7,0,18,0,03/04/2024 17:13:48,23.7,0,23,0,03/04/2024 17:14:34,23.7,0,21,0
03/04/2024 17:10:55,23.8,0,5,0,03/04/2024 17:11:32,23.8,0,9,0,03/04/2024 17:12:17,23.8,0,16,0,03/04/2024 17:13:02,23.8,0,18,0,03/04/2024 17:13:48,23.8,0,23,0,03/04/2024 17:14:34,23.8,0,20,0
03/04/2024 17:10:55,23.9,0,5,0,03/04/2024 17:11:32,23.9,0,9,0,03/04/2024 17:12:17,23.9,0,16,0,03/04/2024 17:13:02,23.9,0,18,0,03/04/2024 17:13:48,23.9,0,23,0,03/04/2024 17:14:34,23.9,0,20,0
03/04/2024 17:10:56,24,0,5,0,03/04/2024 17:11:33,24,0,9,0,03/04/2024 17:12:18,24,0,16,0,03/04/2024 17:13:03,24,0,18,0,03/04/2024 17:13:49,24,0,23,0,03/04/2024 17:14:35,24,0,19,0
03/04/2024 17:10:56,24.1,0,5,0,03/04/2024 17:11:33,24.1,0,9,0,03/04/2024 17:12:18,24.1,0,15,0,03/04/2024 17:13:03,24.1,0,18,0,03/04/2024 17:13:49,24.1,0,23,0,03/04/2024 17:14:35,24.1,0,14,0
03/04/2024 17:10:56,24.2,0,5,0,03/04/2024 17:11:33,24.2,0,9,0,03/04/2024 17:12:18,24.2,0,15,0,03/04/2024 17:13:03,24.2,0,18,0,03/04/2024 17:13:49,24.2,0,22,0,03/04/2024 17:14:35,24.2,0,11,0
03/04/2024 17:10:56,24.3,0,5,0,03/04/2024 17:11:33,24.3,0,9,0,03/04/2024 17:12:18,24.3,0,15,0,03/04/2024 17:13:03,24.3,0,18,0,03/04/2024 17:13:49,24.3,0,23,0,03/04/2024 17:14:35,24.3,0,21,0
03/04/2024 17:10:56,24.4,0,5,0,03/04/2024 17:11:33,24.4,0,9,0,03/04/2024 17:12:18,24.4,0,16,0,03/04/2024 17:13:03,24.4,0,18,0,03/04/2024 17:13:49,24.4,0,23,0,03/04/2024 17:14:35,24.4,0,19,0
03/04/2024 17:10:56,24.5,0,5,0,03/04/2024 17:11:33,24.5,0,9,0,03/04/2024 17:12:18,24.5,0,16,0,03/04/2024 17:13:03,24.5,0,18,0,03/04/2024 17:13:49,24.5,0,23,0,03/04/2024 17:14:35,24.5,0,19,0
03/04/2024 17:10:56,24.6,0,5,0,03/04/2024 17:11:33,24.6,0,8,0,03/04/2024 17:12:18,24.6,0,16,0,03/04/2024 17:13:03,24.6,0,18,0,03/04/2024 17:13:49,24.6,0,23,0,03/04/2024 17:14:35,24.6,0,20,0
03/04/2024 17:10:56,24.7,0,5,0,03/04/2024 17:11:33,24.7,0,9,0,03/04/2024 17:12:18,24.7,0,16,0,03/04/2024 17:13:03,24.7,0,18,0,03/04/2024 17:13:49,24.7,0,23,0,03/04/2024 17:14:35,24.7,0,21,0
03/04/2024 17:10:56,24.8,0,5,0,03/04/2024 17:11:33,24.8,0,8,0,03/04/2024 17:12:18,24.8,0,15,0,03/04/2024 17:13:03,24.8,0,18,0,03/04/2024 17:13:49,24.8,0,22,0,03/04/2024 17:14:35,24.8,0,19,0
03/04/2024 17:10:56,24.9,0,5,0,03/04/2024 17:11:33,24.9,0,8,0,03/04/2024 17:12:18,24.9,0,16,0,03/04/2024 17:13:03,24.9,0,18,0,03/04/2024 17:13:49,24.9,0,23,0,03/04/2024 17:14:35,24.9,0,20,0
03/04/2024 17:10:57,25,0,5,0,03/04/2024 17:11:34,25,0,8,0,03/04/2024 17:12:19,25,0,16,0,03/04/2024 17:13:04,25,0,18,0,03/04/2024 17:13:50,25,0,23,0,03/04/2024 17:14:36,25,0,20,0
03/04/2024 17:10:57,25.1,0,5,0,03/04/2024 17:11:34,25.1,0,8,0,03/04/2024 17:12:19,25.1,0,16,0,03/04/2024 17:13:04,25.1,0,18,0,03/04/2024 17:13:50,25.1,0,22,0,03/04/2024 17:14:36,25.1,0,20,0
03/04/2024 17:10:57,25.2,0,5,0,03/04/2024 17:11:34,25.2,0,8,0,03/04/2024 17:12:19,25.2,0,16,0,03/04/2024 17:13:04,25.2,0,18,0,03/04/2024 17:13:50,25.2,0,22,0,03/04/2024 17:14:36,25.2,0,20,0
03/04/2024 17:10:57,25.3,0,5,0,03/04/2024 17:11:34,25.3,0,8,0,03/04/2024 17:12:19,25.3,0,16,0,03/04/2024 17:13:04,25.3,0,18,0,03/04/2024 17:13:50,25.3,0,23,0,03/04/2024 17:14:36,25.3,0,19,0
03/04/2024 17:10:57,25.4,0,5,0,03/04/2024 17:11:34,25.4,0,8,0,03/04/2024 17:12:19,25.4,0,15,0,03/04/2024 17:13:04,25.4,0,18,0,03/04/2024 17:13:50,25.4,0,23,0,03/04/2024 17:14:36,25.4,0,13,0
03/04/2024 17:10:57,25.5,0,5,0,03/04/2024 17:11:34,25.5,0,8,0,03/04/2024 17:12:19,25.5,0,15,0,03/04/2024 17:13:04,25.5,0,18,0,03/04/2024 17:13:50,25.5,0,12,0,03/04/2024 17:14:36,25.5,0,17,0
03/04/2024 17:10:57,25.6,0,0,0,03/04/2024 17:11:34,25.6,0,0,0,03/04/2024 17:12:19,25.6,0,0,0,03/04/2024 17:13:04,25.6,0,0,0,03/04/2024 17:13:50,25.6,0,0,0,03/04/2024 17:14:36,25.6,0,0,0
03/04/2024 17:10:57,25.7,0,0,0,03/04/2024 17:11:34,25.7,0,0,0,03/04/2024 17:12:19,25.7,0,0,0,03/04/2024 17:13:04,25.7,0,0,0,03/04/2024 17:13:50,25.7,0,0,0,03/04/2024 17:14:36,25.7,0,0,0
03/04/2024 17:10:57,25.8,0,0,0,03/04/2024 17:11:34,25.8,0,0,0,03/04/2024 17:12:19,25.8,0,0,0,03/04/2024 17:13:04,25.8,0,0,0,03/04/2024 17:13:50,25.8,0,0,0,03/04/2024 17:14:36,25.8,0,0,0
03/04/2024 17:10:57,25.9,0,0,0,03/04/2024 17:11:34,25.9,0,0,0,03/04/2024 17:12:19,25.9,0,0,0,03/04/2024 17:13:04,25.9,0,0,0,03/04/2024 17:13:50,25.9,0,0,0,03/04/2024 17:14:36,25.9,0,0,0
03/04/2024 17:10:58,26,0,0,0,03/04/2024 17:11:35,26,0,0,0,03/04/2024 17:12:20,26,0,0,0,03/04/2024 17:13:05,26,0,0,0,03/04/2024 17:13:51,26,0,0,0,03/04/2024 17:14:37,26,0,0,0
03/04/2024 17:10:58,26.1,0,0,0,03/04/2024 17:11:35,26.1,0,0,0,03/04/2024 17:12:20,26.1,0,0,0,03/04/2024 17:13:05,26.1,0,1,0,03/04/2024 17:13:51,26.1,0,0,0,03/04/2024 17:14:37,26.1,0,0,0
03/04/2024 17:10:58,26.2,0,0,0,03/04/2024 17:11:35,26.2,0,0,0,03/04/2024 17:12:20,26.2,0,0,0,03/04/2024 17:13:05,26.2,0,0,0,03/04/2024 17:13:51,26.2,0,0,0,03/04/2024 17:14:37,26.2,0,0,0
03/04/2024 17:10:58,26.3,0,0,0,03/04/2024 17:11:35,26.3,0,0,0,03/04/2024 17:12:20,26.3,0,0,0,03/04/2024 17:13:05,26.3,0,0,0,03/04/2024 17:13:51,26.3,0,0,0,03/04/2024 17:14:37,26.3,0,0,0
03/04/2024 17:10:58,26.4,0,0,0,03/04/2024 17:11:35,26.4,0,0,0,03/04/2024 17:12:20,26.4,0,0,0,03/04/2024 17:13:05,26.4,0,0,0,03/04/2024 17:13:51,26.4,0,0,0,03/04/2024 17:14:37,26.4,0,0,0
03/04/2024 17:10:58,26.5,0,0,0,03/04/2024 17:11:35,26.5,0,0,0,03/04/2024 17:12:20,26.5,0,0,0,03/04/2024 17:13:05,26.5,0,0,0,03/04/2024 17:13:51,26.5,0,0,0,03/04/2024 17:14:37,26.5,0,0,0
03/04/2024 17:10:58,26.6,0,0,0,03/04/2024 17:11:35,26.6,0,0,0,03/04/2024 17:12:20,26.6,0,0,0,03/04/2024 17:13:05,26.6,0,0,0,03/04/2024 17:13:51,26.6,0,0,0,03/04/2024 17:14:37,26.6,0,0,0
03/04/2024 17:10:58,26.7,0,0,0,03/04/2024 17:11:35,26.7,0,0,0,03/04/2024 17:12:20,26.7,0,0,0,03/04/2024 17:13:05,26.7,0,0,0,03/04/2024 17:13:51,26.7,0,0,0,03/04/2024 17:14:37,26.7,0,1,0
03/04/2024 17:10:58,26.8,0,0,0,03/04/2024 17:11:35,26.8,0,0,0,03/04/2024 17:12:20,26.8,0,0,0,03/04/2024 17:13:05,26.8,0,0,0,03/04/2024 17:13:51,26.8,0,0,0,03/04/2024 17:14:37,26.8,0,0,0
03/04/2024 17:10:58,26.9,0,0,0,03/04/2024 17:11:35,26.9,0,0,0,03/04/2024 17:12:20,26.9,0,0,0,03/04/2024 17:13:05,26.9,0,1,0,03/04/2024 17:13:51,26.9,0,0,0,03/04/2024 17:14:37,26.9,0,0,0
03/04/2024 17:10:59,27,0,0,0,03/04/2024 17:11:36,27,0,0,0,03/04/2024 17:12:21,27,0,0,0,03/04/2024 17:13:06,27,0,0,0,03/04/2024 17:13:52,27,0,0,0,03/04/2024 17:14:38,27,0,0,0
03/04/2024 17:10:59,27.1,0,0,0,03/04/2024 17:11:36,27.1,0,0,0,03/04/2024 17:12:21,27.1,0,1,0,03/04/2024 17:13:06,27.1,0,0,0,03/04/2024 17:13:52,27.1,0,0,0,03/04/2024 17:14:38,27.1,0,0,0
03/04/2024 17:10:59,27.2,0,0,0,03/04/2024 17:11:36,27.2,0,0,0,03/04/2024 17:12:21,27.2,0,0,0,03/04/2024 17:13:06,27.2,0,0,0,03/04/2024 17:13:52,27.2,0,0,0,03/04/2024 17:14:38,27.2,0,0,0
03/04/2024 17:10:59,27.3,0,0,0,03/04/2024 17:11:36,27.3,0,0,0,03/04/2024 17:12:21,27.3,0,0,0,03/04/2024 17:13:06,27.3,0,0,0,03/04/2024 17:13:52,27.3,0,0,0,03/04/2024 17:14:38,27.3,0,0,0
03/04/2024 17:10:59,27.4,0,0,0,03/04/2024 17:11:36,27.4,0,1,0,03/04/2024 17:12:21,27.4,0,0,0,03/04/2024 17:13:06,27.4,0,1,0,03/04/2024 17:13:52,27.4,0,0,0,03/04/2024 17:14:38,27.4,0,0,0
03/04/2024 17:10:59,27.5,0,0,0,03/04/2024 17:11:36,27.5,0,0,0,03/04/2024 17:12:21,27.5,0,0,0,03/04/2024 17:13:06,27.5,0,0,0,03/04/2024 17:13:52,27.5,0,0,0,03/04/2024 17:14:38,27.5,0,0,0
03/04/2024 17:10:59,27.6,0,0,0,03/04/2024 17:11:36,27.6,0,0,0,03/04/2024 17:12:21,27.6,0,0,0,03/04/2024 17:13:06,27.6,0,0,0,03/04/2024 17:13:52,27.6,0,0,0,03/04/2024 17:14:38,27.6,0,0,0
03/04/2024 17:10:59,27.7,0,0,0,03/04/2024 17:11:36,27.7,0,0,0,03/04/2024 17:12:21,27.7,0,0,0,03/04/2024 17:13:06,27.7,0,1,0,03/04/2024 17:13:52,27.7,0,0,0,03/04/2024 17:14:38,27.7,0,0,0
03/04/2024 17:10:59,27.8,0,0,0,03/04/2024 17:11:36,27.8,0,0,0,03/04/2024 17:12:21,27.8,0,0,0,03/04/2024 17:13:06,27.8,0,0,0,03/04/2024 17:13:52,27.8,0,0,0,03/04/2024 17:14:38,27.8,0,0,0
03/04/2024 17:10:59,27.9,0,0,0,03/04/2024 17:11:36,27.9,0,1,0,03/04/2024 17:12:21,27.9,0,0,0,03/04/2024 17:13:06,27.9,0,1,0,03/04/2024 17:13:52,27.9,0,0,0,03/04/2024 17:14:38,27.9,0,0,0
03/04/2024 17:11:00,28,0,0,0,03/04/2024 17:11:37,28,0,0,0,03/04/2024 17:12:22,28,0,0,0,03/04/2024 17:13:07,28,0,0,0,03/04/2024 17:13:53,28,0,0,0,03/04/2024 17:14:39,28,0,0,0
03/04/2024 17:11:00,28.1,0,0,0,03/04/2024 17:11:37,28.1,0,0,0,03/04/2024 17:12:22,28.1,0,0,0,03/04/2024 17:13:07,28.1,0,0,0,03/04/2024 17:13:53,28.1,0,0,0,03/04/2024 17:14:39,28.1,0,1,0
03/04/2024 17:11:00,28.2,0,0,0,03/04/2024 17:11:37,28.2,0,0,0,03/04/2024 17:12:22,28.2,0,0,0,03/04/2024 17:13:07,28.2,0,0,0,03/04/2024 17:13:53,28.2,0,0,0,03/04/2024 17:14:39,28.2,0,0,0
03/04/2024 17:11:00,28.3,0,0,0,03/04/2024 17:11:37,28.3,0,0,0,03/04/2024 17:12:22,28.3,0,0,0,03/04/2024 17:13:07,28.3,0,0,0,03/04/2024 17:13:53,28.3,0,0,0,03/04/2024 17:14:39,28.3,0,1,0
03/04/2024 17:11:00,28.4,0,0,0,03/04/2024 17:11:37,28.4,0,0,0,03/04/2024 17:12:22,28.4,0,0,0,03/04/2024 17:13:07,28.4,0,0,0,03/04/2024 17:13:53,28.4,0,0,0,03/04/2024 17:14:39,28.4,0,0,0
03/04/2024 17:11:00,28.5,0,0,0,03/04/2024 17:11:37,28.5,0,0,0,03/04/2024 17:12:22,28.5,0,0,0,03/04/2024 17:13:07,28.5,0,0,0,03/04/2024 17:13:53,28.5,0,0,0,03/04/2024 17:14:39,28.5,0,0,0
03/04/2024 17:11:00,28.6,0,0,0,03/04/2024 17:11:37,28.6,0,1,0,03/04/2024 17:12:22,28.6,0,4,0,03/04/2024 17:13:07,28.6,0,4,0,03/04/2024 17:13:53,28.6,0,9,0,03/04/2024 17:14:39,28.6,0,3,0
03/04/2024 17:11:00,28.7,0,6,0,03/04/2024 17:11:37,28.7,0,9,0,03/04/2024 17:12:22,28.7,0,12,0,03/04/2024 17:13:07,28.7,0,14,0,03/04/2024 17:13:53,28.7,0,18,0,03/04/2024 17:14:39,28.7,0,17,0
03/04/2024 17:11:00,28.8,0,6,0,03/04/2024 17:11:37,28.8,0,9,0,03/04/2024 17:12:22,28.8,0,16,0,03/04/2024 17:13:07,28.8,0,19,0,03/04/2024 17:13:53,28.8,0,23,0,03/04/2024 17:14:39,28.8,0,22,0
03/04/2024 17:11:00,28.9,0,6,0,03/04/2024 17:11:37,28.9,0,8,0,03/04/2024 17:12:22,28.9,0,16,0,03/04/2024 17:13:07,28.9,0,19,0,03/04/2024 17:13:53,28.9,0,24,0,03/04/2024 17:14:39,28.9,0,20,0
03/04/2024 17:11:01,29,0,6,0,03/04/2024 17:11:38,29,0,8,0,03/04/2024 17:12:23,29,0,17,0,03/04/2024 17:13:08,29,0,18,0,03/04/2024 17:13:54,29,0,23,0,03/04/2024 17:14:40,29,0,20,0
03/04/2024 17:11:01,29.1,0,6,0,03/04/2024 17:11:38,29.1,0,9,0,03/04/2024 17:12:23,29.1,0,16,0,03/04/2024 17:13:08,29.1,0,19,0,03/04/2024 17:13:54,29.1,0,23,0,03/04/2024 17:14:40,29.1,0,21,0
03/04/2024 17:11:01,29.2,0,6,0,03/04/2024 17:11:38,29.2,0,8,0,03/04/2024 17:12:23,29.2,0,16,0,03/04/2024 17:13:08,29.2,0,18,0,03/04/2024 17:13:54,29.2,0,23,0,03/04/2024 17:14:40,29.2,0,21,0
03/04/2024 17:11:01,29.3,0,5,0,03/04/2024 17:11:38,29.3,0,8,0,03/04/2024 17:12:23,29.3,0,16,0,03/04/2024 17:13:08,29.3,0,19,0,03/04/2024 17:13:54,29.3,0,23,0,03/04/2024 17:14:40,29.3,0,18,0
03/04/2024 17:11:01,29.4,0,5,0,03/04/2024 17:11:38,29.4,0,8,0,03/04/2024 17:12:23,29.4,0,16,0,03/04/2024 17:13:08,29.4,0,18,0,03/04/2024 17:13:54,29.4,0,23,0,03/04/2024 17:14:40,29.4,0,17,0
03/04/2024 17:11:01,29.5,0,5,0,03/04/2024 17:11:38,29.5,0,8,0,03/04/2024 17:12:23,29.5,0,16,0,03/04/2024 17:13:08,29.5,0,18,0,03/04/2024 17:13:54,29.5,0,23,0,03/04/2024 17:14:40,29.5,0,15,0
03/04/2024 17:11:01,29.6,0,5,0,03/04/2024 17:11:38,29.6,0,8,0,03/04/2024 17:12:23,29.6,0,16,0,03/04/2024 17:13:08,29.6,0,18,0,03/04/2024 17:13:54,29.6,0,23,0,03/04/2024 17:14:40,29.6,0,20,0
03/04/2024 17:11:01,29.7,0,5,0,03/04/2024 17:11:38,29.7,0,8,0,03/04/2024 17:12:23,29.7,0,15,0,03/04/2024 17:13:08,29.7,0,18,0,03/04/2024 17:13:54,29.7,0,23,0,03/04/2024 17:14:40,29.7,0,16,0
03/04/2024 17:11:01,29.8,0,5,0,03/04/2024 17:11:38,29.8,0,8,0,03/04/2024 17:12:23,29.8,0,16,0,03/04/2024 17:13:08,29.8,0,18,0,03/04/2024 17:13:54,29.8,0,23,0,03/04/2024 17:14:40,29.8,0,11,0
03/04/2024 17:11:01,29.9,0,5,0,03/04/2024 17:11:38,29.9,0,8,0,03/04/2024 17:12:23,29.9,0,16,0,03/04/2024 17:13:08,29.9,0,18,0,03/04/2024 17:13:54,29.9,0,23,0,03/04/2024 17:14:40,29.9,0,18,0
03/04/2024 17:11:02,30,0,5,0,03/04/2024 17:11:39,30,0,8,0,03/04/2024 17:12:24,30,0,16,0,03/04/2024 17:13:09,30,0,18,0,03/04/2024 17:13:55,30,0,23,0,03/04/2024 17:14:41,30,0,21,0
03/04/2024 17:11:02,30.1,0,5,0,03/04/2024 17:11:39,30.1,0,8,0,03/04/2024 17:12:24,30.1,0,16,0,03/04/2024 17:13:09,30.1,0,18,0,03/04/2024 17:13:55,30.1,0,19,0,03/04/2024 17:14:41,30.1,0,20,0
03/04/2024 17:11:02,30.2,0,5,0,03/04/2024 17:11:39,30.2,0,7,0,03/04/2024 17:12:24,30.2,0,15,0,03/04/2024 17:13:09,30.2,0,18,0,03/04/2024 17:13:55,30.2,0,17,0,03/04/2024 17:14:41,30.2,0,20,0
03/04/2024 17:11:02,30.3,0,5,0,03/04/2024 17:11:39,30.3,0,7,0,03/04/2024 17:12:24,30.3,0,15,0,03/04/2024 17:13:09,30.3,0,18,0,03/04/2024 17:13:55,30.3,0,13,0,03/04/2024 17:14:41,30.3,0,20,0
03/04/2024 17:11:02,30.4,0,5,0,03/04/2024 17:11:39,30.4,0,8,0,03/04/2024 17:12:24,30.4,0,15,0,03/04/2024 17:13:09,30.4,0,17,0,03/04/2024 17:13:55,30.4,0,20,0,03/04/2024 17:14:41,30.4,0,20,0
03/04/2024 17:11:02,30.5,0,5,0,03/04/2024 17:11:39,30.5,0,8,0,03/04/2024 17:12:24,30.5,0,15,0,03/04/2024 17:13:09,30.5,0,18,0,03/04/2024 17:13:55,30.5,0,24,0,03/04/2024 17:14:41,30.5,0,19,0
03/04/2024 17:11:02,30.6,0,5,0,03/04/2024 17:11:39,30.6,0,8,0,03/04/2024 17:12:24,30.6,0,15,0,03/04/2024 17:13:09,30.6,0,18,0,03/04/2024 17:13:55,30.6,0,23,0,03/04/2024 17:14:41,30.6,0,17,0
03/04/2024 17:11:02,30.7,0,5,0,03/04/2024 17:11:39,30.7,0,7,0,03/04/2024 17:12:24,30.7,0,15,0,03/04/2024 17:13:09,30.7,0,17,0,03/04/2024 17:13:55,30.7,0,23,0,03/04/2024 17:14:41,30.7,0,10,0
03/04/2024 17:11:02,30.8,0,5,0,03/04/2024 17:11:39,30.8,0,8,0,03/04/2024 17:12:24,30.8,0,15,0,03/04/2024 17:13:09,30.8,0,17,0,03/04/2024 17:13:55,30.8,0,23,0,03/04/2024 17:14:41,30.8,0,20,0
03/04/2024 17:11:02,30.9,0,5,0,03/04/2024 17:11:39,30.9,0,7,0,03/04/2024 17:12:24,30.9,0,15,0,03/04/2024 17:13:09,30.9,0,17,0,03/04/2024 17:13:55,30.9,0,24,0,03/04/2024 17:14:41,30.9,0,20,0
03/04/2024 17:11:03,31,0,5,0,03/04/2024 17:11:40,31,0,7,0,03/04/2024 17:12:25,31,0,15,0,03/04/2024 17:13:10,31,0,17,0,03/04/2024 17:13:56,31,0,23,0,03/04/2024 17:14:42,31,0,19,0
03/04/2024 17:11:03,31.1,0,5,0,03/04/2024 17:11:40,31.1,0,7,0,03/04/2024 17:12:25,31.1,0,15,0,03/04/2024 17:13:10,31.1,0,18,0,03/04/2024 17:13:56,31.1,0,22,0,03/04/2024 17:14:42,31.1,0,20,0
03/04/2024 17:11:03,31.2,0,5,0,03/04/2024 17:11:40,31.2,0,7,0,03/04/2024 17:12:25,31.2,0,15,0,03/04/2024 17:13:10,31.2,0,18,0,03/04/2024 17:13:56,31.2,0,23,0,03/04/2024 17:14:42,31.2,0,20,0
03/04/2024 17:11:03,31.3,0,5,0,03/04/2024 17:11:40,31.3,0,7,0,03/04/2024 17:12:25,31.3,0,15,0,03/04/2024 17:13:10,31.3,0,17,0,03/04/2024 17:13:56,31.3,0,23,0,03/04/2024 17:14:42,31.3,0,17,0
03/04/2024 17:11:03,31.4,0,5,0,03/04/2024 17:11:40,31.4,0,7,0,03/04/2024 17:12:25,31.4,0,15,0,03/04/2024 17:13:10,31.4,0,17,0,03/04/2024 17:13:56,31.4,0,23,0,03/04/2024 17:14:42,31.4,0,13,0
03/04/2024 17:11:03,31.5,0,5,0,03/04/2024 17:11:40,31.5,0,7,0,03/04/2024 17:12:25,31.5,0,15,0,03/04/2024 17:13:10,31.5,0,17,0,03/04/2024 17:13:56,31.5,0,23,0,03/04/2024 17:14:42,31.5,0,16,0
03/04/2024 17:11:03,31.6,0,5,0,03/04/2024 17:11:40,31.6,0,7,0,03/04/2024 17:12:25,31.6,0,15,0,03/04/2024 17:13:10,31.6,0,18,0,03/04/2024 17:13:56,31.6,0,23,0,03/04/2024 17:14:42,31.6,0,21,0
03/04/2024 17:11:03,31.7,0,5,0,03/04/2024 17:11:40,31.7,0,7,0,03/04/2024 17:12:25,31.7,0,15,0,03/04/2024 17:13:10,31.7,0,17,0,03/04/2024 17:13:56,31.7,0,23,0,03/04/2024 17:14:42,31.7,0,19,0
03/04/2024 17:11:03,31.8,0,5,0,03/04/2024 17:11:40,31.8,0,7,0,03/04/2024 17:12:25,31.8,0,15,0,03/04/2024 17:13:10,31.8,0,18,0,03/04/2024 17:13:56,31.8,0,23,0,03/04/2024 17:14:42,31.8,0,19,0
03/04/2024 17:11:03,31.9,0,5,0,03/04/2024 17:11:40,31.9,0,7,0,03/04/2024 17:12:25,31.9,0,15,0,03/04/2024 17:13:10,31.9,0,17,0,03/04/2024 17:13:56,31.9,0,23,0,03/04/2024 17:14:42,31.9,0,19,0
03/04/2024 17:11:04,32,0,5,0,03/04/2024 17:11:41,32,0,7,0,03/04/2024 17:12:26,32,0,15,0,03/04/2024 17:13:11,32,0,17,0,03/04/2024 17:13:57,32,0,23,0,03/04/2024 17:14:43,32,0,16,0
03/04/2024 17:11:04,32.1,0,5,0,03/04/2024 17:11:41,32.1,0,7,0,03/04/2024 17:12:26,32.1,0,15,0,03/04/2024 17:13:11,32.1,0,18,0,03/04/2024 17:13:57,32.1,0,23,0,03/04/2024 17:14:43,32.1,0,17,0
03/04/2024 17:11:04,32.2,0,5,0,03/04/2024 17:11:41,32.2,0,7,0,03/04/2024 17:12:26,32.2,0,15,0,03/04/2024 17:13:11,32.2,0,17,0,03/04/2024 17:13:57,32.2,0,23,0,03/04/2024 17:14:43,32.2,0,14,0
03/04/2024 17:11:04,32.3,0,5,0,03/04/2024 17:11:41,32.3,0,7,0,03/04/2024 17:12:26,32.3,0,14,0,03/04/2024 17:13:11,32.3,0,18,0,03/04/2024 17:13:57,32.3,0,23,0,03/04/2024 17:14:43,32.3,0,19,0
03/04/2024 17:11:04,32.4,0,5,0,03/04/2024 17:11:41,32.4,0,7,0,03/04/2024 17:12:26,32.4,0,15,0,03/04/2024 17:13:11,32.4,0,17,0,03/04/2024 17:13:57,32.4,0,23,0,03/04/2024 17:14:43,32.4,0,19,0
03/04/2024 17:11:04,32.5,0,5,0,03/04/2024 17:11:41,32.5,0,7,0,03/04/2024 17:12:26,32.5,0,14,0,03/04/2024 17:13:11,32.5,0,17,0,03/04/2024 17:13:57,32.5,0,14,0,03/04/2024 17:14:43,32.5,0,20,0
03/04/2024 17:11:04,32.6,0,0,0,03/04/2024 17:11:41,32.6,0,0,0,03/04/2024 17:12:26,32.6,0,0,0,03/04/2024 17:13:11,32.6,0,0,0,03/04/2024 17:13:57,32.6,0,0,0,03/04/2024 17:14:43,32.6,0,0,0
03/04/2024 17:11:04,32.7,0,0,0,03/04/2024 17:11:41,32.7,0,1,0,03/04/2024 17:12:26,32.7,0,0,0,03/04/2024 17:13:11,32.7,0,0,0,03/04/2024 17:13:57,32.7,0,0,0,03/04/2024 17:14:43,32.7,0,0,0
03/04/2024 17:11:04,32.8,0,0,0,03/04/2024 17:11:41,32.8,0,1,0,03/04/2024 17:12:26,32.8,0,0,0,03/04/2024 17:13:11,32.8,0,0,0,03/04/2024 17:13:57,32.8,0,0,0,03/04/2024 17:14:43,32.8,0,0,0
03/04/2024 17:11:04,32.9,0,0,0,03/04/2024 17:11:41,32.9,0,0,0,03/04/2024 17:12:26,32.9,0,0,0,03/04/2024 17:13:11,32.9,0,0,0,03/04/2024 17:13:57,32.9,0,0,0,03/04/2024 17:14:43,32.9,0,0,0
03/04/2024 17:11:05,33,0,0,0,03/04/2024 17:11:42,33,0,0,0,03/04/2024 17:12:27,33,0,0,0,03/04/2024 17:13:12,33,0,0,0,03/04/2024 17:13:58,33,0,0,0,03/04/2024 17:14:44,33,0,0,0
03/04/2024 17:11:05,33.1,0,0,0,03/04/2024 17:11:42,33.1,0,0,0,03/04/2024 17:12:27,33.1,0,0,0,03/04/2024 17:13:12,33.1,0,0,0,03/04/2024 17:13:58,33.1,0,0,0,03/04/2024 17:14:44,33.1,0,0,0
03/04/2024 17:11:05,33.2,0,0,0,03/04/2024 17:11:42,33.2,0,0,0,03/04/2024 17:12:27,33.2,0,0,0,03/04/2024 17:13:12,33.2,0,0,0,03/04/2024 17:13:58,33.2,0,0,0,03/04/2024 17:14:44,33.2,0,0,0
03/04/2024 17:11:05,33.3,0,0,0,03/04/2024 17:11:42,33.3,0,0,0,03/04/2024 17:12:27,33.3,0,0,0,03/04/2024 17:13:12,33.3,0,0,0,03/04/2024 17:13:58,33.3,0,0,0,03/04/2024 17:14:44,33.3,0,0,0
03/04/2024 17:11:05,33.4,0,0,0,03/04/2024 17:11:42,33.4,0,0,0,03/04/2024 17:12:27,33.4,0,0,0,03/04/2024 17:13:12,33.4,0,0,0,03/04/2024 17:13:58,33.4,0,0,0,03/04/2024 17:14:44,33.4,0,0,0
03/04/2024 17:11:05,33.5,0,0,0,03/04/2024 17:11:42,33.5,0,0,0,03/04/2024 17:12:27,33.5,0,0,0,03/04/2024 17:13:12,33.5,0,0,0,03/04/2024 17:13:58,33.5,0,0,0,03/04/2024 17:14:44,33.5,0,0,0
03/04/2024 17:11:05,33.6,0,0,0,03/04/2024 17:11:42,33.6,0,0,0,03/04/2024 17:12:27,33.6,0,0,0,03/04/2024 17:13:12,33.6,0,0,0,03/04/2024 17:13:58,33.6,0,0,0,03/04/2024 17:14:44,33.6,0,0,0
03/04/2024 17:11:05,33.7,0,0,0,03/04/2024 17:11:42,33.7,0,1,0,03/04/2024 17:12:27,33.7,0,0,0,03/04/2024 17:13:12,33.7,0,0,0,03/04/2024 17:13:58,33.7,0,0,0,03/04/2024 17:14:44,33.7,0,0,0
03/04/2024 17:11:05,33.8,0,0,0,03/04/2024 17:11:42,33.8,0,0,0,03/04/2024 17:12:27,33.8,0,0,0,03/04/2024 17:13:12,33.8,0,0,0,03/04/2024 17:13:58,33.8,0,0,0,03/04/2024 17:14:44,33.8,0,0,0
03/04/2024 17:11:05,33.9,0,0,0,03/04/2024 17:11:42,33.9,0,1,0,03/04/2024 17:12:27,33.9,0,0,0,03/04/2024 17:13:12,33.9,0,0,0,03/04/2024 17:13:58,33.9,0,0,0,03/04/2024 17:14:44,33.9,0,0,0
03/04/2024 17:11:06,34,0,0,,03/04/2024 17:11:43,34,0,0,0,03/04/2024 17:12:28,34,0,0,0,03/04/2024 17:13:13,34,0,0,0,03/04/2024 17:13:59,34,0,0,0,03/04/2024 17:14:45,34,0,0,0
03/04/2024 17:11:06,34.1,0,0,,03/04/2024 17:11:43,34.1,0,1,0,03/04/2024 17:12:28,34.1,0,0,,03/04/2024 17:13:13,34.1,0,0,0,03/04/2024 17:13:59,34.1,0,0,0,03/04/2024 17:14:45,34.1,0,0,0
03/04/2024 17:11:06,34.2,0,0,,03/04/2024 17:11:43,34.2,0,1,0,03/04/2024 17:12:28,34.2,,,,03/04/2024 17:13:13,34.2,0,0,0,03/04/2024 17:13:59,34.2,0,0,0,03/04/2024 17:14:45,34.2,0,0,0
03/04/2024 17:11:06,34.3,0,0,,03/04/2024 17:11:43,34.3,0,0,0,03/04/2024 17:12:28,34.3,,,,03/04/2024 17:13:13,34.3,0,0,0,03/04/2024 17:13:59,34.3,0,0,0,03/04/2024 17:14:45,34.3,0,0,0
,,,,,03/04/2024 17:11:43,34.4,0,0,0,03/04/2024 17:12:28,34.4,,,,03/04/2024 17:13:13,34.4,0,0,0,03/04/2024 17:13:59,34.4,0,0,0,03/04/2024 17:14:45,34.4,0,0,0
,,,,,03/04/2024 17:11:43,34.5,0,0,0,03/04/2024 17:12:28,34.5,,,,03/04/2024 17:13:13,34.5,0,0,0,03/04/2024 17:13:59,34.5,0,0,0,03/04/2024 17:14:45,34.5,0,0,0
,,,,,03/04/2024 17:11:43,34.6,0,0,0,03/04/2024 17:12:28,34.6,,,,03/04/2024 17:13:13,34.6,0,0,0,03/04/2024 17:13:59,34.6,0,0,0,03/04/2024 17:14:45,34.6,0,0,0
,,,,,03/04/2024 17:11:43,34.7,0,1,0,03/04/2024 17:12:28,34.7,,,,03/04/2024 17:13:13,34.7,0,0,0,03/04/2024 17:13:59,34.7,0,0,0,03/04/2024 17:14:45,34.7,0,0,0
,,,,,03/04/2024 17:11:43,34.8,0,1,0,03/04/2024 17:12:28,34.8,,,,03/04/2024 17:13:13,34.8,0,0,,03/04/2024 17:13:59,34.8,0,0,0,03/04/2024 17:14:45,34.8,0,0,0
,,,,,03/04/2024 17:11:43,34.9,0,1,0,03/04/2024 17:12:28,34.9,,,,03/04/2024 17:13:13,34.9,,,,03/04/2024 17:13:59,34.9,0,0,0,03/04/2024 17:14:45,34.9,0,0,0
,,,,,03/04/2024 17:11:44,35,0,1,,03/04/2024 17:12:29,35,,,,03/04/2024 17:13:14,35,,,,03/04/2024 17:14:00,35,0,0,0,03/04/2024 17:14:46,35,0,0,0
,,,,,03/04/2024 17:11:44,35.1,,,,03/04/2024 17:12:29,35.1,,,,03/04/2024 17:13:14,35.1,,,,03/04/2024 17:14:00,35.1,0,0,0,03/04/2024 17:14:46,35.1,0,0,0
,,,,,03/04/2024 17:11:44,35.2,,,,03/04/2024 17:12:29,35.2,,,,03/04/2024 17:13:14,35.2,,,,03/04/2024 17:14:00,35.2,0,0,0,03/04/2024 17:14:46,35.2,0,0,0
,,,,,03/04/2024 17:11:44,35.3,,,,03/04/2024 17:12:29,35.3,,,,03/04/2024 17:13:14,35.3,,,,03/04/2024 17:14:00,35.3,0,0,0,03/04/2024 17:14:46,35.3,0,0,0
,,,,,03/04/2024 17:11:44,35.4,,,,03/04/2024 17:12:29,35.4,,,,03/04/2024 17:13:14,35.4,,,,03/04/2024 17:14:00,35.4,0,0,0,03/04/2024 17:14:46,35.4,0,0,0
,,,,,03/04/2024 17:11:44,35.5,,,,03/04/2024 17:12:29,35.5,,,,03/04/2024 17:13:14,35.5,,,,03/04/2024 17:14:00,35.5,0,0,0,03/04/2024 17:14:46,35.5,0,0,0
,,,,,03/04/2024 17:11:44,35.6,,,,03/04/2024 17:12:29,35.6,,,,03/04/2024 17:13:14,35.6,,,,03/04/2024 17:14:00,35.6,0,0,0,03/04/2024 17:14:46,35.6,0,0,0
,,,,,03/04/2024 17:11:44,35.7,,,,03/04/2024 17:12:29,35.7,,,,03/04/2024 17:13:14,35.7,,,,03/04/2024 17:14:00,35.7,0,0,0,03/04/2024 17:14:46,35.7,0,0,0
,,,,,03/04/2024 17:11:44,35.8,,,,03/04/2024 17:12:29,35.8,,,,03/04/2024 17:13:14,35.8,,,,03/04/2024 17:14:00,35.8,0,0,0,03/04/2024 17:14:46,35.8,0,0,0
,,,,,03/04/2024 17:11:44,35.9,,,,03/04/2024 17:12:29,35.9,,,,03/04/2024 17:13:14,35.9,,,,03/04/2024 17:14:00,35.9,0,0,0,03/04/2024 17:14:46,35.9,0,0,0
,,,,,03/04/2024 17:11:45,36,,,,03/04/2024 17:12:30,36,,,,03/04/2024 17:13:15,36,,,,03/04/2024 17:14:01,36,0,0,0,03/04/2024 17:14:47,36,0,0,0
,,,,,03/04/2024 17:11:45,36.1,,,,03/04/2024 17:12:30,36.1,,,,03/04/2024 17:13:15,36.1,,,,03/04/2024 17:14:01,36.1,0,0,0,03/04/2024 17:14:47,36.1,0,0,0
,,,,,03/04/2024 17:11:45,36.2,,,,03/04/2024 17:12:30,36.2,,,,03/04/2024 17:13:15,36.2,,,,03/04/2024 17:14:01,36.2,0,0,0,03/04/2024 17:14:47,36.2,0,0,0
,,,,,03/04/2024 17:11:45,36.3,,,,03/04/2024 17:12:30,36.3,,,,03/04/2024 17:13:15,36.3,,,,03/04/2024 17:14:01,36.3,0,0,0,03/04/2024 17:14:47,36.3,0,0,0
,,,,,03/04/2024 17:11:45,36.4,,,,03/04/2024 17:12:30,36.4,,,,03/04/2024 17:13:15,36.4,,,,03/04/2024 17:14:01,36.4,0,0,0,03/04/2024 17:14:47,36.4,0,0,0
,,,,,03/04/2024 17:11:45,36.5,,,,03/04/2024 17:12:30,36.5,,,,03/04/2024 17:13:15,36.5,,,,03/04/2024 17:14:01,36.5,0,0,0,03/04/2024 17:14:47,36.5,0,0,
,,,,,03/04/2024 17:11:45,36.6,,,,03/04/2024 17:12:30,36.6,,,,03/04/2024 17:13:15,36.6,,,,03/04/2024 17:14:01,36.6,0,0,0,03/04/2024 17:14:47,36.6,,,
,,,,,03/04/2024 17:11:45,36.7,,,,03/04/2024 17:12:30,36.7,,,,03/04/2024 17:13:15,36.7,,,,03/04/2024 17:14:01,36.7,0,0,0,03/04/2024 17:14:47,36.7,,,
,,,,,03/04/2024 17:11:45,36.8,,,,03/04/2024 17:12:30,36.8,,,,03/04/2024 17:13:15,36.8,,,,03/04/2024 17:14:01,36.8,0,0,,03/04/2024 17:14:47,36.8,,,
,,,,,03/04/2024 17:11:45,36.9,,,,03/04/2024 17:12:30,36.9,,,,03/04/2024 17:13:15,36.9,,,,03/04/2024 17:14:01,36.9,,,,03/04/2024 17:14:47,36.9,,,
,,,,,03/04/2024 17:11:46,37,,,,03/04/2024 17:12:31,37,,,,03/04/2024 17:13:16,37,,,,03/04/2024 17:14:02,37,,,,03/04/2024 17:14:48,37,,,
,,,,,03/04/2024 17:11:46,37.1,,,,03/04/2024 17:12:31,37.1,,,,03/04/2024 17:13:16,37.1,,,,03/04/2024 17:14:02,37.1,,,,03/04/2024 17:14:48,37.1,,,
,,,,,03/04/2024 17:11:46,37.2,,,,03/04/2024 17:12:31,37.2,,,,03/04/2024 17:13:16,37.2,,,,03/04/2024 17:14:02,37.2,,,,03/04/2024 17:14:48,37.2,,,
,,,,,03/04/2024 17:11:46,37.3,,,,03/04/2024 17:12:31,37.3,,,,03/04/2024 17:13:16,37.3,,,,03/04/2024 17:14:02,37.3,,,,03/04/2024 17:14:48,37.3,,,
,,,,,03/04/2024 17:11:46,37.4,,,,03/04/2024 17:12:31,37.4,,,,03/04/2024 17:13:16,37.4,,,,03/04/2024 17:14:02,37.4,,,,03/04/2024 17:14:48,37.4,,,
,,,,,03/04/2024 17:11:46,37.5,,,,03/04/2024 17:12:31,37.5,,,,03/04/2024 17:13:16,37.5,,,,03/04/2024 17:14:02,37.5,,,,03/04/2024 17:14:48,37.5,,,
,,,,,03/04/2024 17:11:46,37.6,,,,03/04/2024 17:12:31,37.6,,,,03/04/2024 17:13:16,37.6,,,,03/04/2024 17:14:02,37.6,,,,03/04/2024 17:14:48,37.6,,,
,,,,,03/04/2024 17:11:46,37.7,,,,03/04/2024 17:12:31,37.7,,,,03/04/2024 17:13:16,37.7,,,,03/04/2024 17:14:02,37.7,,,,03/04/2024 17:14:48,37.7,,,
,,,,,03/04/2024 17:11:46,37.8,,,,03/04/2024 17:12:31,37.8,,,,03/04/2024 17:13:16,37.8,,,,03/04/2024 17:14:02,37.8,,,,03/04/2024 17:14:48,37.8,,,
,,,,,03/04/2024 17:11:46,37.9,,,,03/04/2024 17:12:31,37.9,,,,03/04/2024 17:13:16,37.9,,,,03/04/2024 17:14:02,37.9,,,,03/04/2024 17:14:48,37.9,,,
,,,,,03/04/2024 17:11:47,38,,,,03/04/2024 17:12:32,38,,,,03/04/2024 17:13:17,38,,,,03/04/2024 17:14:03,38,,,,03/04/2024 17:14:49,38,,,
,,,,,03/04/2024 17:11:47,38.1,,,,03/04/2024 17:12:32,38.1,,,,03/04/2024 17:13:17,38.1,,,,03/04/2024 17:14:03,38.1,,,,03/04/2024 17:14:49,38.1,,,
,,,,,03/04/2024 17:11:47,38.2,,,,03/04/2024 17:12:32,38.2,,,,03/04/2024 17:13:17,38.2,,,,03/04/2024 17:14:03,38.2,,,,03/04/2024 17:14:49,38.2,,,
,,,,,03/04/2024 17:11:47,38.3,,,,03/04/2024 17:12:32,38.3,,,,03/04/2024 17:13:17,38.3,,,,03/04/2024 17:14:03,38.3,,,,03/04/2024 17:14:49,38.3,,,
,,,,,03/04/2024 17:11:47,38.4,,,,03/04/2024 17:12:32,38.4,,,,03/04/2024 17:13:17,38.4,,,,03/04/2024 17:14:03,38.4,,,,03/04/2024 17:14:49,38.4,,,
,,,,,03/04/2024 17:11:47,38.5,,,,03/04/2024 17:12:32,38.5,,,,03/04/2024 17:13:17,38.5,,,,03/04/2024 17:14:03,38.5,,,,03/04/2024 17:14:49,38.5,,,
,,,,,03/04/2024 17:11:47,38.6,,,,03/04/2024 17:12:32,38.6,,,,03/04/2024 17:13:17,38.6,,,,03/04/2024 17:14:03,38.6,,,,03/04/2024 17:14:49,38.6,,,
,,,,,03/04/2024 17:11:47,38.7,,,,03/04/2024 17:12:32,38.7,,,,03/04/2024 17:13:17,38.7,,,,03/04/2024 17:14:03,38.7,,,,03/04/2024 17:14:49,38.7,,,
,,,,,03/04/2024 17:11:47,38.8,,,,03/04/2024 17:12:32,38.8,,,,03/04/2024 17:13:17,38.8,,,,03/04/2024 17:14:03,38.8,,,,03/04/2024 17:14:49,38.8,,,
,,,,,03/04/2024 17:11:47,38.9,,,,03/04/2024 17:12:32,38.9,,,,03/04/2024 17:13:17,38.9,,,,03/04/2024 17:14:03,38.9,,,,03/04/2024 17:14:49,38.9,,,
,,,,,03/04/2024 17:11:48,39,,,,03/04/2024 17:12:33,39,,,,03/04/2024 17:13:18,39,,,,03/04/2024 17:14:04,39,,,,03/04/2024 17:14:50,39,,,
,,,,,03/04/2024 17:11:48,39.1,,,,03/04/2024 17:12:33,39.1,,,,03/04/2024 17:13:18,39.1,,,,03/04/2024 17:14:04,39.1,,,,03/04/2024 17:14:50,39.1,,,
,,,,,03/04/2024 17:11:48,39.2,,,,03/04/2024 17:12:33,39.2,,,,03/04/2024 17:13:18,39.2,,,,03/04/2024 17:14:04,39.2,,,,03/04/2024 17:14:50,39.2,,,
,,,,,03/04/2024 17:11:48,39.3,,,,03/04/2024 17:12:33,39.3,,,,03/04/2024 17:13:18,39.3,,,,03/04/2024 17:14:04,39.3,,,,03/04/2024 17:14:50,39.3,,,
,,,,,03/04/2024 17:11:48,39.4,,,,03/04/2024 17:12:33,39.4,,,,03/04/2024 17:13:18,39.4,,,,03/04/2024 17:14:04,39.4,,,,03/04/2024 17:14:50,39.4,,,
,,,,,03/04/2024 17:11:48,39.5,,,,03/04/2024 17:12:33,39.5,,,,03/04/2024 17:13:18,39.5,,,,03/04/2024 17:14:04,39.5,,,,03/04/2024 17:14:50,39.5,,,
,,,,,03/04/2024 17:11:48,39.6,,,,03/04/2024 17:12:33,39.6,,,,03/04/2024 17:13:18,39.6,,,,03/04/2024 17:14:04,39.6,,,,03/04/2024 17:14:50,39.6,,,
,,,,,03/04/2024 17:11:48,39.7,,,,03/04/2024 17:12:33,39.7,,,,03/04/2024 17:13:18,39.7,,,,03/04/2024 17:14:04,39.7,,,,03/04/2024 17:14:50,39.7,,,
,,,,,03/04/2024 17:11:48,39.8,,,,03/04/2024 17:12:33,39.8,,,,03/04/2024 17:13:18,39.8,,,,03/04/2024 17:14:04,39.8,,,,03/04/2024 17:14:50,39.8,,,
,,,,,03/04/2024 17:11:48,39.9,,,,03/04/2024 17:12:33,39.9,,,,03/04/2024 17:13:18,39.9,,,,03/04/2024 17:14:04,39.9,,,,03/04/2024 17:14:50,39.9,,,
,,,,,03/04/2024 17:11:49,40,,,,03/04/2024 17:12:34,40,,,,03/04/2024 17:13:19,40,,,,03/04/2024 17:14:05,40,,,,03/04/2024 17:14:51,40,,,
,,,,,03/04/2024 17:11:49,40.1,,,,03/04/2024 17:12:34,40.1,,,,03/04/2024 17:13:19,40.1,,,,03/04/2024 17:14:05,40.1,,,,03/04/2024 17:14:51,40.1,,,
,,,,,03/04/2024 17:11:49,40.2,,,,03/04/2024 17:12:34,40.2,,,,03/04/2024 17:13:19,40.2,,,,03/04/2024 17:14:05,40.2,,,,03/04/2024 17:14:51,40.2,,,
,,,,,03/04/2024 17:11:49,40.3,,,,03/04/2024 17:12:34,40.3,,,,03/04/2024 17:13:19,40.3,,,,03/04/2024 17:14:05,40.3,,,,03/04/2024 17:14:51,40.3,,,
,,,,,03/04/2024 17:11:49,40.4,,,,03/04/2024 17:12:34,40.4,,,,03/04/2024 17:13:19,40.4,,,,03/04/2024 17:14:05,40.4,,,,03/04/2024 17:14:51,40.4,,,
,,,,,03/04/2024 17:11:49,40.5,,,,03/04/2024 17:12:34,40.5,,,,03/04/2024 17:13:19,40.5,,,,03/04/2024 17:14:05,40.5,,,,03/04/2024 17:14:51,40.5,,,
,,,,,03/04/2024 17:11:49,40.6,,,,03/04/2024 17:12:34,40.6,,,,03/04/2024 17:13:19,40.6,,,,03/04/2024 17:14:05,40.6,,,,03/04/2024 17:14:51,40.6,,,
,,,,,03/04/2024 17:11:49,40.7,,,,03/04/2024 17:12:34,40.7,,,,03/04/2024 17:13:19,40.7,,,,03/04/2024 17:14:05,40.7,,,,03/04/2024 17:14:51,40.7,,,
,,,,,03/04/2024 17:11:49,40.8,,,,03/04/2024 17:12:34,40.8,,,,03/04/2024 17:13:19,40.8,,,,03/04/2024 17:14:05,40.8,,,,03/04/2024 17:14:51,40.8,,,
,,,,,03/04/2024 17:11:49,40.9,,,,03/04/2024 17:12:34,40.9,,,,03/04/2024 17:13:19,40.9,,,,03/04/2024 17:14:05,40.9,,,,03/04/2024 17:14:51,40.9,,,
,,,,,03/04/2024 17:11:50,41,,,,03/04/2024 17:12:35,41,,,,03/04/2024 17:13:20,41,,,,03/04/2024 17:14:06,41,,,,03/04/2024 17:14:52,41,,,
,,,,,03/04/2024 17:11:50,41.1,,,,03/04/2024 17:12:35,41.1,,,,03/04/2024 17:13:20,41.1,,,,03/04/2024 17:14:06,41.1,,,,03/04/2024 17:14:52,41.1,,,
,,,,,03/04/2024 17:11:50,41.2,,,,03/04/2024 17:12:35,41.2,,,,03/04/2024 17:13:20,41.2,,,,03/04/2024 17:14:06,41.2,,,,03/04/2024 17:14:52,41.2,,,
,,,,,03/04/2024 17:11:50,41.3,,,,03/04/2024 17:12:35,41.3,,,,03/04/2024 17:13:20,41.3,,,,03/04/2024 17:14:06,41.3,,,,03/04/2024 17:14:52,41.3,,,
,,,,,03/04/2024 17:11:50,41.4,,,,03/04/2024 17:12:35,41.4,,,,03/04/2024 17:13:20,41.4,,,,03/04/2024 17:14:06,41.4,,,,03/04/2024 17:14:52,41.4,,,
,,,,,03/04/2024 17:11:50,41.5,,,,,,,,,03/04/2024 17:13:20,41.5,,,,03/04/2024 17:14:06,41.5,,,,03/04/2024 17:14:52,41.5,,,
,,,,,03/04/2024 17:11:50,41.6,,,,,,,,,03/04/2024 17:13:20,41.6,,,,03/04/2024 17:14:06,41.6,,,,03/04/2024 17:14:52,41.6,,,
,,,,,03/04/2024 17:11:50,41.7,,,,,,,,,03/04/2024 17:13:20,41.7,,,,03/04/2024 17:14:06,41.7,,,,03/04/2024 17:14:52,41.7,,,
,,,,,03/04/2024 17:11:50,41.8,,,,,,,,,03/04/2024 17:13:20,41.8,,,,03/04/2024 17:14:06,41.8,,,,03/04/2024 17:14:52,41.8,,,
,,,,,03/04/2024 17:11:50,41.9,,,,,,,,,03/04/2024 17:13:20,41.9,,,,03/04/2024 17:14:06,41.9,,,,03/04/2024 17:14:52,41.9,,,
,,,,,03/04/2024 17:11:51,42,,,,,,,,,03/04/2024 17:13:21,42,,,,03/04/2024 17:14:07,42,,,,03/04/2024 17:14:53,42,,,
,,,,,03/04/2024 17:11:51,42.1,,,,,,,,,03/04/2024 17:13:21,42.1,,,,03/04/2024 17:14:07,42.1,,,,,,,,
,,,,,03/04/2024 17:11:51,42.2,,,,,,,,,03/04/2024 17:13:21,42.2,,,,03/04/2024 17:14:07,42.2,,,,,,,,
,,,,,03/04/2024 17:11:51,42.3,,,,,,,,,03/04/2024 17:13:21,42.3,,,,03/04/2024 17:14:07,42.3,,,,,,,,
,,,,,03/04/2024 17:11:51,42.4,,,,,,,,,03/04/2024 17:13:21,42.4,,,,03/04/2024 17:14:07,42.4,,,,,,,,
,,,,,03/04/2024 17:11:51,42.5,,,,,,,,,,,,,,03/04/2024 17:14:07,42.5,,,,,,,,
,,,,,03/04/2024 17:11:51,42.6,,,,,,,,,,,,,,03/04/2024 17:14:07,42.6,,,,,,,,
,,,,,03/04/2024 17:11:51,42.7,,,,,,,,,,,,,,03/04/2024 17:14:07,42.7,,,,,,,,
,,,,,03/04/2024 17:11:51,42.8,,,,,,,,,,,,,,03/04/2024 17:14:07,42.8,,,,,,,,
,,,,,03/04/2024 17:11:51,42.9,,,,,,,,,,,,,,03/04/2024 17:14:07,42.9,,,,,,,,
,,,,,03/04/2024 17:11:52,43,,,,,,,,,,,,,,03/04/2024 17:14:08,43,,,,,,,,
,,,,,,,,,,,,,,,,,,,,03/04/2024 17:14:08,43.1,,,,,,,,
,,,,,,,,,,,,,,,,,,,,03/04/2024 17:14:08,43.2,,,,,,,,
,,,,,,,,,,,,,,,,,,,,03/04/2024 17:14:08,43.3,,,,,,,,
,,,,,,,,,,,,,,,,,,,,03/04/2024 17:14:08,43.4,,,,,,,,
,,,,,,,,,,,,,,,,,,,,03/04/2024 17:14:08,43.5,,,,,,,,
,,,,,,,,,,,,,,,,,,,,03/04/2024 17:14:08,43.6,,,,,,,,
,,,,,,,,,,,,,,,,,,,,03/04/2024 17:14:08,43.7,,,,,,,,
,,,,,,,,,,,,,,,,,,,,03/04/2024 17:14:08,43.8,,,,,,,,