Date and Time Run #1,Time (s) Run #1,Position (m) Run #1,Force (N) Run #1,Speed (mm/min) Run #1,Date and Time Run #2,Time (s) Run #2,Position (m) Run #2,Force (N) Run #2,Speed (mm/min) Run #2,Date and Time Run #3,Time (s) Run #3,Position (m) Run #3,Force (N) Run #3,Speed (mm/min) Run #3,Date and Time Run #4,Time (s) Run #4,Position (m) Run #4,Force (N) Run #4,Speed (mm/min) Run #4,Date and Time Run #5,Time (s) Run #5,Position (m) Run #5,Force (N) Run #5,Speed (mm/min) Run #5
03/04/2024 17:16:58,0,0,0,,03/04/2024 17:17:40,0,0,0,0,03/04/2024 17:18:23,0,0,0,0,03/04/2024 17:19:10,0,0,0,0,03/04/2024 17:19:51,0,0,0,0
03/04/2024 17:16:58,0.1,0,0,0,03/04/2024 17:17:40,0.1,0,0,0,03/04/2024 17:18:23,0.1,0,1,0,03/04/2024 17:19:10,0.1,0,0,0,03/04/2024 17:19:51,0.1,0,0,0
03/04/2024 17:16:58,0.2,0,0,0,03/04/2024 17:17:40,0.2,0,0,0,03/04/2024 17:18:23,0.2,0,0,0,03/04/2024 17:19:10,0.2,0,0,0,03/04/2024 17:19:51,0.2,0,0,0
03/04/2024 17:16:58,0.3,0,0,0,03/04/2024 17:17:40,0.3,0,0,0,03/04/2024 17:18:23,0.3,0,0,0,03/04/2024 17:19:10,0.3,0,0,0,03/04/2024 17:19:51,0.3,0,0,0
03/04/2024 17:16:58,0.4,0,0,0,03/04/2024 17:17:40,0.4,0,0,0,03/04/2024 17:18:23,0.4,0,0,0,03/04/2024 17:19:10,0.4,0,0,0,03/04/2024 17:19:51,0.4,0,0,0
03/04/2024 17:16:58,0.5,0,-1,0,03/04/2024 17:17:40,0.5,0,0,0,03/04/2024 17:18:23,0.5,0,0,0,03/04/2024 17:19:10,0.5,0,0,0,03/04/2024 17:19:51,0.5,0,0,0
03/04/2024 17:16:58,0.6,0,0,0,03/04/2024 17:17:40,0.6,0,0,0,03/04/2024 17:18:23,0.6,0,0,0,03/04/2024 17:19:10,0.6,0,0,0,03/04/2024 17:19:51,0.6,0,0,0
03/04/2024 17:16:58,0.7,0,-1,0,03/04/2024 17:17:40,0.7,0,0,0,03/04/2024 17:18:23,0.7,0,0,0,03/04/2024 17:19:10,0.7,0,0,0,03/04/2024 17:19:51,0.7,0,0,0
03/04/2024 17:16:58,0.8,0,0,0,03/04/2024 17:17:40,0.8,0,0,0,03/04/2024 17:18:23,0.8,0,0,0,03/04/2024 17:19:10,0.8,0,0,0,03/04/2024 17:19:51,0.8,0,0,0
03/04/2024 17:16:58,0.9,0,-1,0,03/04/2024 17:17:40,0.9,0,0,0,03/04/2024 17:18:23,0.9,0,0,0,03/04/2024 17:19:10,0.9,0,0,0,03/04/2024 17:19:51,0.9,0,0,0
03/04/2024 17:16:59,1,0,-1,0,03/04/2024 17:17:41,1,0,0,0,03/04/2024 17:18:24,1,0,1,0,03/04/2024 17:19:11,1,0,0,0,03/04/2024 17:19:52,1,0,0,0
03/04/2024 17:16:59,1.1,0,0,0,03/04/2024 17:17:41,1.1,0,0,0,03/04/2024 17:18:24,1.1,0,0,0,03/04/2024 17:19:11,1.1,0,0,0,03/04/2024 17:19:52,1.1,0,0,0
03/04/2024 17:16:59,1.2,0,1,0,03/04/2024 17:17:41,1.2,0,0,0,03/04/2024 17:18:24,1.2,0,0,0,03/04/2024 17:19:11,1.2,0,0,0,03/04/2024 17:19:52,1.2,0,0,0
03/04/2024 17:16:59,1.3,0,4,0,03/04/2024 17:17:41,1.3,0,3,0,03/04/2024 17:18:24,1.3,0,6,0,03/04/2024 17:19:11,1.3,0,7,0,03/04/2024 17:19:52,1.3,0,8,0
03/04/2024 17:16:59,1.4,0,4,0,03/04/2024 17:17:41,1.4,0,7,0,03/04/2024 17:18:24,1.4,0,11,0,03/04/2024 17:19:11,1.4,0,12,0,03/04/2024 17:19:52,1.4,0,14,0
03/04/2024 17:16:59,1.5,0,3,0,03/04/2024 17:17:41,1.5,0,7,0,03/04/2024 17:18:24,1.5,0,13,0,03/04/2024 17:19:11,1.5,0,14,0,03/04/2024 17:19:52,1.5,0,17,0
03/04/2024 17:16:59,1.6,0,4,0,03/04/2024 17:17:41,1.6,0,8,0,03/04/2024 17:18:24,1.6,0,13,0,03/04/2024 17:19:11,1.6,0,14,0,03/04/2024 17:19:52,1.6,0,18,0
03/04/2024 17:16:59,1.7,0,3,0,03/04/2024 17:17:41,1.7,0,8,0,03/04/2024 17:18:24,1.7,0,13,0,03/04/2024 17:19:11,1.7,0,13,0,03/04/2024 17:19:52,1.7,0,18,0
03/04/2024 17:16:59,1.8,0,4,0,03/04/2024 17:17:41,1.8,0,7,0,03/04/2024 17:18:24,1.8,0,13,0,03/04/2024 17:19:11,1.8,0,13,0,03/04/2024 17:19:52,1.8,0,18,0
03/04/2024 17:16:59,1.9,0,4,0,03/04/2024 17:17:41,1.9,0,7,0,03/04/2024 17:18:24,1.9,0,13,0,03/04/2024 17:19:11,1.9,0,13,0,03/04/2024 17:19:52,1.9,0,17,0
03/04/2024 17:17:00,2,0,3,0,03/04/2024 17:17:42,2,0,7,0,03/04/2024 17:18:25,2,0,13,0,03/04/2024 17:19:12,2,0,13,0,03/04/2024 17:19:53,2,0,17,0
03/04/2024 17:17:00,2.1,0,3,0,03/04/2024 17:17:42,2.1,0,7,0,03/04/2024 17:18:25,2.1,0,13,0,03/04/2024 17:19:12,2.1,0,13,0,03/04/2024 17:19:53,2.1,0,17,0
03/04/2024 17:17:00,2.2,0,3,0,03/04/2024 17:17:42,2.2,0,7,0,03/04/2024 17:18:25,2.2,0,13,0,03/04/2024 17:19:12,2.2,0,13,0,03/04/2024 17:19:53,2.2,0,17,0
03/04/2024 17:17:00,2.3,0,4,0,03/04/2024 17:17:42,2.3,0,7,0,03/04/2024 17:18:25,2.3,0,13,0,03/04/2024 17:19:12,2.3,0,13,0,03/04/2024 17:19:53,2.3,0,17,0
03/04/2024 17:17:00,2.4,0,3,0,03/04/2024 17:17:42,2.4,0,7,0,03/04/2024 17:18:25,2.4,0,13,0,03/04/2024 17:19:12,2.4,0,13,0,03/04/2024 17:19:53,2.4,0,17,0
03/04/2024 17:17:00,2.5,0,3,0,03/04/2024 17:17:42,2.5,0,7,0,03/04/2024 17:18:25,2.5,0,13,0,03/04/2024 17:19:12,2.5,0,13,0,03/04/2024 17:19:53,2.5,0,17,0
03/04/2024 17:17:00,2.6,0,3,0,03/04/2024 17:17:42,2.6,0,7,0,03/04/2024 17:18:25,2.6,0,13,0,03/04/2024 17:19:12,2.6,0,13,0,03/04/2024 17:19:53,2.6,0,18,0
03/04/2024 17:17:00,2.7,0,3,0,03/04/2024 17:17:42,2.7,0,7,0,03/04/2024 17:18:25,2.7,0,13,0,03/04/2024 17:19:12,2.7,0,13,0,03/04/2024 17:19:53,2.7,0,17,0
03/04/2024 17:17:00,2.8,0,4,0,03/04/2024 17:17:42,2.8,0,7,0,03/04/2024 17:18:25,2.8,0,13,0,03/04/2024 17:19:12,2.8,0,13,0,03/04/2024 17:19:53,2.8,0,17,0
03/04/2024 17:17:00,2.9,0,4,0,03/04/2024 17:17:42,2.9,0,7,0,03/04/2024 17:18:25,2.9,0,13,0,03/04/2024 17:19:12,2.9,0,13,0,03/04/2024 17:19:53,2.9,0,17,0
03/04/2024 17:17:01,3,0,3,0,03/04/2024 17:17:43,3,0,7,0,03/04/2024 17:18:26,3,0,13,0,03/04/2024 17:19:13,3,0,13,0,03/04/2024 17:19:54,3,0,17,0
03/04/2024 17:17:01,3.1,0,3,0,03/04/2024 17:17:43,3.1,0,7,0,03/04/2024 17:18:26,3.1,0,13,0,03/04/2024 17:19:13,3.1,0,13,0,03/04/2024 17:19:54,3.1,0,17,0
03/04/2024 17:17:01,3.2,0,3,0,03/04/2024 17:17:43,3.2,0,7,0,03/04/2024 17:18:26,3.2,0,13,0,03/04/2024 17:19:13,3.2,0,13,0,03/04/2024 17:19:54,3.2,0,17,0
03/04/2024 17:17:01,3.3,0,3,0,03/04/2024 17:17:43,3.3,0,7,0,03/04/2024 17:18:26,3.3,0,12,0,03/04/2024 17:19:13,3.3,0,13,0,03/04/2024 17:19:54,3.3,0,17,0
03/04/2024 17:17:01,3.4,0,3,0,03/04/2024 17:17:43,3.4,0,7,0,03/04/2024 17:18:26,3.4,0,13,0,03/04/2024 17:19:13,3.4,0,13,0,03/04/2024 17:19:54,3.4,0,17,0
03/04/2024 17:17:01,3.5,0,3,0,03/04/2024 17:17:43,3.5,0,6,0,03/04/2024 17:18:26,3.5,0,13,0,03/04/2024 17:19:13,3.5,0,13,0,03/04/2024 17:19:54,3.5,0,17,0
03/04/2024 17:17:01,3.6,0,3,0,03/04/2024 17:17:43,3.6,0,7,0,03/04/2024 17:18:26,3.6,0,13,0,03/04/2024 17:19:13,3.6,0,13,0,03/04/2024 17:19:54,3.6,0,16,0
03/04/2024 17:17:01,3.7,0,3,0,03/04/2024 17:17:43,3.7,0,7,0,03/04/2024 17:18:26,3.7,0,13,0,03/04/2024 17:19:13,3.7,0,13,0,03/04/2024 17:19:54,3.7,0,17,0
03/04/2024 17:17:01,3.8,0,3,0,03/04/2024 17:17:43,3.8,0,7,0,03/04/2024 17:18:26,3.8,0,13,0,03/04/2024 17:19:13,3.8,0,13,0,03/04/2024 17:19:54,3.8,0,17,0
03/04/2024 17:17:01,3.9,0,3,0,03/04/2024 17:17:43,3.9,0,7,0,03/04/2024 17:18:26,3.9,0,13,0,03/04/2024 17:19:13,3.9,0,13,0,03/04/2024 17:19:54,3.9,0,16,0
03/04/2024 17:17:02,4,0,3,0,03/04/2024 17:17:44,4,0,6,0,03/04/2024 17:18:27,4,0,13,0,03/04/2024 17:19:14,4,0,12,0,03/04/2024 17:19:55,4,0,15,0
03/04/2024 17:17:02,4.1,0,3,0,03/04/2024 17:17:44,4.1,0,7,0,03/04/2024 17:18:27,4.1,0,13,0,03/04/2024 17:19:14,4.1,0,13,0,03/04/2024 17:19:55,4.1,0,14,0
03/04/2024 17:17:02,4.2,0,3,0,03/04/2024 17:17:44,4.2,0,6,0,03/04/2024 17:18:27,4.2,0,13,0,03/04/2024 17:19:14,4.2,0,13,0,03/04/2024 17:19:55,4.2,0,15,0
03/04/2024 17:17:02,4.3,0,3,0,03/04/2024 17:17:44,4.3,0,7,0,03/04/2024 17:18:27,4.3,0,13,0,03/04/2024 17:19:14,4.3,0,13,0,03/04/2024 17:19:55,4.3,0,15,0
03/04/2024 17:17:02,4.4,0,3,0,03/04/2024 17:17:44,4.4,0,7,0,03/04/2024 17:18:27,4.4,0,13,0,03/04/2024 17:19:14,4.4,0,13,0,03/04/2024 17:19:55,4.4,0,13,0
03/04/2024 17:17:02,4.5,0,3,0,03/04/2024 17:17:44,4.5,0,7,0,03/04/2024 17:18:27,4.5,0,13,0,03/04/2024 17:19:14,4.5,0,13,0,03/04/2024 17:19:55,4.5,0,11,0
03/04/2024 17:17:02,4.6,0,3,0,03/04/2024 17:17:44,4.6,0,6,0,03/04/2024 17:18:27,4.6,0,13,0,03/04/2024 17:19:14,4.6,0,13,0,03/04/2024 17:19:55,4.6,0,16,0
03/04/2024 17:17:02,4.7,0,3,0,03/04/2024 17:17:44,4.7,0,6,0,03/04/2024 17:18:27,4.7,0,13,0,03/04/2024 17:19:14,4.7,0,13,0,03/04/2024 17:19:55,4.7,0,17,0
03/04/2024 17:17:02,4.8,0,3,0,03/04/2024 17:17:44,4.8,0,6,0,03/04/2024 17:18:27,4.8,0,12,0,03/04/2024 17:19:14,4.8,0,13,0,03/04/2024 17:19:55,4.8,0,17,0
03/04/2024 17:17:02,4.9,0,3,0,03/04/2024 17:17:44,4.9,0,6,0,03/04/2024 17:18:27,4.9,0,12,0,03/04/2024 17:19:14,4.9,0,13,0,03/04/2024 17:19:55,4.9,0,17,0
03/04/2024 17:17:03,5,0,3,0,03/04/2024 17:17:45,5,0,7,0,03/04/2024 17:18:28,5,0,13,0,03/04/2024 17:19:15,5,0,13,0,03/04/2024 17:19:56,5,0,17,0
03/04/2024 17:17:03,5.1,0,-1,0,03/04/2024 17:17:45,5.1,0,6,0,03/04/2024 17:18:28,5.1,0,12,0,03/04/2024 17:19:15,5.1,0,13,0,03/04/2024 17:19:56,5.1,0,17,0
03/04/2024 17:17:03,5.2,0,-1,0,03/04/2024 17:17:45,5.2,0,1,0,03/04/2024 17:18:28,5.2,0,1,0,03/04/2024 17:19:15,5.2,0,3,0,03/04/2024 17:19:56,5.2,0,0,0
03/04/2024 17:17:03,5.3,0,0,0,03/04/2024 17:17:45,5.3,0,0,0,03/04/2024 17:18:28,5.3,0,0,0,03/04/2024 17:19:15,5.3,0,0,0,03/04/2024 17:19:56,5.3,0,0,0
03/04/2024 17:17:03,5.4,0,0,0,03/04/2024 17:17:45,5.4,0,0,0,03/04/2024 17:18:28,5.4,0,0,0,03/04/2024 17:19:15,5.4,0,0,0,03/04/2024 17:19:56,5.4,0,-1,0
03/04/2024 17:17:03,5.5,0,0,0,03/04/2024 17:17:45,5.5,0,0,0,03/04/2024 17:18:28,5.5,0,0,0,03/04/2024 17:19:15,5.5,0,0,0,03/04/2024 17:19:56,5.5,0,0,0
03/04/2024 17:17:03,5.6,0,-1,0,03/04/2024 17:17:45,5.6,0,0,0,03/04/2024 17:18:28,5.6,0,0,0,03/04/2024 17:19:15,5.6,0,0,0,03/04/2024 17:19:56,5.6,0,0,0
03/04/2024 17:17:03,5.7,0,-1,0,03/04/2024 17:17:45,5.7,0,0,0,03/04/2024 17:18:28,5.7,0,0,0,03/04/2024 17:19:15,5.7,0,0,0,03/04/2024 17:19:56,5.7,0,0,0
03/04/2024 17:17:03,5.8,0,0,0,03/04/2024 17:17:45,5.8,0,0,0,03/04/2024 17:18:28,5.8,0,0,0,03/04/2024 17:19:15,5.8,0,0,0,03/04/2024 17:19:56,5.8,0,0,0
03/04/2024 17:17:03,5.9,0,-1,0,03/04/2024 17:17:45,5.9,0,0,0,03/04/2024 17:18:28,5.9,0,0,0,03/04/2024 17:19:15,5.9,0,0,0,03/04/2024 17:19:56,5.9,0,0,0
03/04/2024 17:17:04,6,0,-1,0,03/04/2024 17:17:46,6,0,0,0,03/04/2024 17:18:29,6,0,0,0,03/04/2024 17:19:16,6,0,0,0,03/04/2024 17:19:57,6,0,0,0
03/04/2024 17:17:04,6.1,0,0,0,03/04/2024 17:17:46,6.1,0,0,0,03/04/2024 17:18:29,6.1,0,0,0,03/04/2024 17:19:16,6.1,0,0,0,03/04/2024 17:19:57,6.1,0,0,0
03/04/2024 17:17:04,6.2,0,-1,0,03/04/2024 17:17:46,6.2,0,0,0,03/04/2024 17:18:29,6.2,0,0,0,03/04/2024 17:19:16,6.2,0,0,0,03/04/2024 17:19:57,6.2,0,0,0
03/04/2024 17:17:04,6.3,0,-1,0,03/04/2024 17:17:46,6.3,0,0,0,03/04/2024 17:18:29,6.3,0,0,0,03/04/2024 17:19:16,6.3,0,0,0,03/04/2024 17:19:57,6.3,0,0,0
03/04/2024 17:17:04,6.4,0,-1,0,03/04/2024 17:17:46,6.4,0,0,0,03/04/2024 17:18:29,6.4,0,0,0,03/04/2024 17:19:16,6.4,0,0,0,03/04/2024 17:19:57,6.4,0,0,0
03/04/2024 17:17:04,6.5,0,0,0,03/04/2024 17:17:46,6.5,0,0,0,03/04/2024 17:18:29,6.5,0,0,0,03/04/2024 17:19:16,6.5,0,0,0,03/04/2024 17:19:57,6.5,0,0,0
03/04/2024 17:17:04,6.6,0,-1,0,03/04/2024 17:17:46,6.6,0,0,0,03/04/2024 17:18:29,6.6,0,0,0,03/04/2024 17:19:16,6.6,0,0,0,03/04/2024 17:19:57,6.6,0,0,0
03/04/2024 17:17:04,6.7,0,-1,0,03/04/2024 17:17:46,6.7,0,0,0,03/04/2024 17:18:29,6.7,0,0,0,03/04/2024 17:19:16,6.7,0,0,0,03/04/2024 17:19:57,6.7,0,0,0
03/04/2024 17:17:04,6.8,0,0,0,03/04/2024 17:17:46,6.8,0,0,0,03/04/2024 17:18:29,6.8,0,1,0,03/04/2024 17:19:16,6.8,0,0,0,03/04/2024 17:19:57,6.8,0,0,0
03/04/2024 17:17:04,6.9,0,-1,0,03/04/2024 17:17:46,6.9,0,0,0,03/04/2024 17:18:29,6.9,0,1,0,03/04/2024 17:19:16,6.9,0,0,0,03/04/2024 17:19:57,6.9,0,0,0
03/04/2024 17:17:05,7,0,-1,0,03/04/2024 17:17:47,7,0,0,0,03/04/2024 17:18:30,7,0,0,0,03/04/2024 17:19:17,7,0,0,0,03/04/2024 17:19:58,7,0,0,0
03/04/2024 17:17:05,7.1,0,-1,0,03/04/2024 17:17:47,7.1,0,0,0,03/04/2024 17:18:30,7.1,0,0,0,03/04/2024 17:19:17,7.1,0,0,0,03/04/2024 17:19:58,7.1,0,0,0
03/04/2024 17:17:05,7.2,0,0,0,03/04/2024 17:17:47,7.2,0,0,0,03/04/2024 17:18:30,7.2,0,0,0,03/04/2024 17:19:17,7.2,0,0,0,03/04/2024 17:19:58,7.2,0,0,0
03/04/2024 17:17:05,7.3,0,0,0,03/04/2024 17:17:47,7.3,0,0,0,03/04/2024 17:18:30,7.3,0,0,0,03/04/2024 17:19:17,7.3,0,0,0,03/04/2024 17:19:58,7.3,0,0,0
03/04/2024 17:17:05,7.4,0,0,0,03/04/2024 17:17:47,7.4,0,0,0,03/04/2024 17:18:30,7.4,0,1,0,03/04/2024 17:19:17,7.4,0,0,0,03/04/2024 17:19:58,7.4,0,0,0
03/04/2024 17:17:05,7.5,0,-1,0,03/04/2024 17:17:47,7.5,0,0,0,03/04/2024 17:18:30,7.5,0,0,0,03/04/2024 17:19:17,7.5,0,0,0,03/04/2024 17:19:58,7.5,0,0,0
03/04/2024 17:17:05,7.6,0,0,0,03/04/2024 17:17:47,7.6,0,0,0,03/04/2024 17:18:30,7.6,0,1,0,03/04/2024 17:19:17,7.6,0,0,0,03/04/2024 17:19:58,7.6,0,0,0
03/04/2024 17:17:05,7.7,0,0,0,03/04/2024 17:17:47,7.7,0,0,0,03/04/2024 17:18:30,7.7,0,1,0,03/04/2024 17:19:17,7.7,0,0,0,03/04/2024 17:19:58,7.7,0,0,0
03/04/2024 17:17:05,7.8,0,-1,0,03/04/2024 17:17:47,7.8,0,0,0,03/04/2024 17:18:30,7.8,0,0,0,03/04/2024 17:19:17,7.8,0,0,0,03/04/2024 17:19:58,7.8,0,0,0
03/04/2024 17:17:05,7.9,0,0,0,03/04/2024 17:17:47,7.9,0,0,0,03/04/2024 17:18:30,7.9,0,0,0,03/04/2024 17:19:17,7.9,0,1,0,03/04/2024 17:19:58,7.9,0,0,0
03/04/2024 17:17:06,8,0,0,0,03/04/2024 17:17:48,8,0,0,0,03/04/2024 17:18:31,8,0,0,0,03/04/2024 17:19:18,8,0,0,0,03/04/2024 17:19:59,8,0,0,0
03/04/2024 17:17:06,8.1,0,0,0,03/04/2024 17:17:48,8.1,0,0,0,03/04/2024 17:18:31,8.1,0,0,0,03/04/2024 17:19:18,8.1,0,0,0,03/04/2024 17:19:59,8.1,0,0,0
03/04/2024 17:17:06,8.2,0,1,0,03/04/2024 17:17:48,8.2,0,0,0,03/04/2024 17:18:31,8.2,0,1,0,03/04/2024 17:19:18,8.2,0,1,0,03/04/2024 17:19:59,8.2,0,0,0
03/04/2024 17:17:06,8.3,0,4,0,03/04/2024 17:17:48,8.3,0,5,0,03/04/2024 17:18:31,8.3,0,7,0,03/04/2024 17:19:18,8.3,0,8,0,03/04/2024 17:19:59,8.3,0,9,0
03/04/2024 17:17:06,8.4,0,5,0,03/04/2024 17:17:48,8.4,0,7,0,03/04/2024 17:18:31,8.4,0,11,0,03/04/2024 17:19:18,8.4,0,13,0,03/04/2024 17:19:59,8.4,0,14,0
03/04/2024 17:17:06,8.5,0,5,0,03/04/2024 17:17:48,8.5,0,7,0,03/04/2024 17:18:31,8.5,0,13,0,03/04/2024 17:19:18,8.5,0,14,0,03/04/2024 17:19:59,8.5,0,17,0
03/04/2024 17:17:06,8.6,0,5,0,03/04/2024 17:17:48,8.6,0,7,0,03/04/2024 17:18:31,8.6,0,13,0,03/04/2024 17:19:18,8.6,0,13,0,03/04/2024 17:19:59,8.6,0,18,0
03/04/2024 17:17:06,8.7,0,5,0,03/04/2024 17:17:48,8.7,0,7,0,03/04/2024 17:18:31,8.7,0,13,0,03/04/2024 17:19:18,8.7,0,13,0,03/04/2024 17:19:59,8.7,0,17,0
03/04/2024 17:17:06,8.8,0,5,0,03/04/2024 17:17:48,8.8,0,7,0,03/04/2024 17:18:31,8.8,0,13,0,03/04/2024 17:19:18,8.8,0,14,0,03/04/2024 17:19:59,8.8,0,17,0
03/04/2024 17:17:06,8.9,0,5,0,03/04/2024 17:17:48,8.9,0,7,0,03/04/2024 17:18:31,8.9,0,13,0,03/04/2024 17:19:18,8.9,0,13,0,03/04/2024 17:19:59,8.9,0,17,0
03/04/2024 17:17:07,9,0,4,0,03/04/2024 17:17:49,9,0,7,0,03/04/2024 17:18:32,9,0,13,0,03/04/2024 17:19:19,9,0,13,0,03/04/2024 17:20:00,9,0,16,0
03/04/2024 17:17:07,9.1,0,4,0,03/04/2024 17:17:49,9.1,0,6,0,03/04/2024 17:18:32,9.1,0,13,0,03/04/2024 17:19:19,9.1,0,13,0,03/04/2024 17:20:00,9.1,0,16,0
03/04/2024 17:17:07,9.2,0,4,0,03/04/2024 17:17:49,9.2,0,7,0,03/04/2024 17:18:32,9.2,0,13,0,03/04/2024 17:19:19,9.2,0,13,0,03/04/2024 17:20:00,9.2,0,17,0
03/04/2024 17:17:07,9.3,0,4,0,03/04/2024 17:17:49,9.3,0,7,0,03/04/2024 17:18:32,9.3,0,13,0,03/04/2024 17:19:19,9.3,0,13,0,03/04/2024 17:20:00,9.3,0,17,0
03/04/2024 17:17:07,9.4,0,4,0,03/04/2024 17:17:49,9.4,0,7,0,03/04/2024 17:18:32,9.4,0,13,0,03/04/2024 17:19:19,9.4,0,13,0,03/04/2024 17:20:00,9.4,0,17,0
03/04/2024 17:17:07,9.5,0,4,0,03/04/2024 17:17:49,9.5,0,6,0,03/04/2024 17:18:32,9.5,0,12,0,03/04/2024 17:19:19,9.5,0,13,0,03/04/2024 17:20:00,9.5,0,16,0
03/04/2024 17:17:07,9.6,0,4,0,03/04/2024 17:17:49,9.6,0,7,0,03/04/2024 17:18:32,9.6,0,13,0,03/04/2024 17:19:19,9.6,0,13,0,03/04/2024 17:20:00,9.6,0,17,0
03/04/2024 17:17:07,9.7,0,4,0,03/04/2024 17:17:49,9.7,0,7,0,03/04/2024 17:18:32,9.7,0,12,0,03/04/2024 17:19:19,9.7,0,13,0,03/04/2024 17:20:00,9.7,0,15,0
03/04/2024 17:17:07,9.8,0,4,0,03/04/2024 17:17:49,9.8,0,6,0,03/04/2024 17:18:32,9.8,0,13,0,03/04/2024 17:19:19,9.8,0,13,0,03/04/2024 17:20:00,9.8,0,15,0
03/04/2024 17:17:07,9.9,0,4,0,03/04/2024 17:17:49,9.9,0,6,0,03/04/2024 17:18:32,9.9,0,13,0,03/04/2024 17:19:19,9.9,0,13,0,03/04/2024 17:20:00,9.9,0,14,0
03/04/2024 17:17:08,10,0,4,0,03/04/2024 17:17:50,10,0,6,0,03/04/2024 17:18:33,10,0,12,0,03/04/2024 17:19:20,10,0,13,0,03/04/2024 17:20:01,10,0,11,0
03/04/2024 17:17:08,10.1,0,4,0,03/04/2024 17:17:50,10.1,0,6,0,03/04/2024 17:18:33,10.1,0,12,0,03/04/2024 17:19:20,10.1,0,13,0,03/04/2024 17:20:01,10.1,0,12,0
03/04/2024 17:17:08,10.2,0,4,0,03/04/2024 17:17:50,10.2,0,6,0,03/04/2024 17:18:33,10.2,0,12,0,03/04/2024 17:19:20,10.2,0,13,0,03/04/2024 17:20:01,10.2,0,16,0
03/04/2024 17:17:08,10.3,0,4,0,03/04/2024 17:17:50,10.3,0,6,0,03/04/2024 17:18:33,10.3,0,12,0,03/04/2024 17:19:20,10.3,0,13,0,03/04/2024 17:20:01,10.3,0,17,0
03/04/2024 17:17:08,10.4,0,4,0,03/04/2024 17:17:50,10.4,0,6,0,03/04/2024 17:18:33,10.4,0,12,0,03/04/2024 17:19:20,10.4,0,13,0,03/04/2024 17:20:01,10.4,0,17,0
03/04/2024 17:17:08,10.5,0,4,0,03/04/2024 17:17:50,10.5,0,6,0,03/04/2024 17:18:33,10.5,0,13,0,03/04/2024 17:19:20,10.5,0,13,0,03/04/2024 17:20:01,10.5,0,17,0
03/04/2024 17:17:08,10.6,0,3,0,03/04/2024 17:17:50,10.6,0,6,0,03/04/2024 17:18:33,10.6,0,12,0,03/04/2024 17:19:20,10.6,0,13,0,03/04/2024 17:20:01,10.6,0,17,0
03/04/2024 17:17:08,10.7,0,3,0,03/04/2024 17:17:50,10.7,0,6,0,03/04/2024 17:18:33,10.7,0,12,0,03/04/2024 17:19:20,10.7,0,13,0,03/04/2024 17:20:01,10.7,0,17,0
03/04/2024 17:17:08,10.8,0,3,0,03/04/2024 17:17:50,10.8,0,6,0,03/04/2024 17:18:33,10.8,0,12,0,03/04/2024 17:19:20,10.8,0,13,0,03/04/2024 17:20:01,10.8,0,17,0
03/04/2024 17:17:08,10.9,0,3,0,03/04/2024 17:17:50,10.9,0,6,0,03/04/2024 17:18:33,10.9,0,13,0,03/04/2024 17:19:20,10.9,0,13,0,03/04/2024 17:20:01,10.9,0,16,0
03/04/2024 17:17:09,11,0,3,0,03/04/2024 17:17:51,11,0,6,0,03/04/2024 17:18:34,11,0,12,0,03/04/2024 17:19:21,11,0,13,0,03/04/2024 17:20:02,11,0,16,0
03/04/2024 17:17:09,11.1,0,3,0,03/04/2024 17:17:51,11.1,0,6,0,03/04/2024 17:18:34,11.1,0,12,0,03/04/2024 17:19:21,11.1,0,13,0,03/04/2024 17:20:02,11.1,0,17,0
03/04/2024 17:17:09,11.2,0,3,0,03/04/2024 17:17:51,11.2,0,6,0,03/04/2024 17:18:34,11.2,0,12,0,03/04/2024 17:19:21,11.2,0,13,0,03/04/2024 17:20:02,11.2,0,17,0
03/04/2024 17:17:09,11.3,0,3,0,03/04/2024 17:17:51,11.3,0,6,0,03/04/2024 17:18:34,11.3,0,12,0,03/04/2024 17:19:21,11.3,0,13,0,03/04/2024 17:20:02,11.3,0,17,0
03/04/2024 17:17:09,11.4,0,3,0,03/04/2024 17:17:51,11.4,0,6,0,03/04/2024 17:18:34,11.4,0,12,0,03/04/2024 17:19:21,11.4,0,13,0,03/04/2024 17:20:02,11.4,0,17,0
03/04/2024 17:17:09,11.5,0,3,0,03/04/2024 17:17:51,11.5,0,6,0,03/04/2024 17:18:34,11.5,0,12,0,03/04/2024 17:19:21,11.5,0,13,0,03/04/2024 17:20:02,11.5,0,17,0
03/04/2024 17:17:09,11.6,0,3,0,03/04/2024 17:17:51,11.6,0,6,0,03/04/2024 17:18:34,11.6,0,12,0,03/04/2024 17:19:21,11.6,0,13,0,03/04/2024 17:20:02,11.6,0,15,0
03/04/2024 17:17:09,11.7,0,3,0,03/04/2024 17:17:51,11.7,0,6,0,03/04/2024 17:18:34,11.7,0,12,0,03/04/2024 17:19:21,11.7,0,13,0,03/04/2024 17:20:02,11.7,0,13,0
03/04/2024 17:17:09,11.8,0,3,0,03/04/2024 17:17:51,11.8,0,6,0,03/04/2024 17:18:34,11.8,0,12,0,03/04/2024 17:19:21,11.8,0,13,0,03/04/2024 17:20:02,11.8,0,11,0
03/04/2024 17:17:09,11.9,0,3,0,03/04/2024 17:17:51,11.9,0,6,0,03/04/2024 17:18:34,11.9,0,12,0,03/04/2024 17:19:21,11.9,0,13,0,03/04/2024 17:20:02,11.9,0,15,0
03/04/2024 17:17:10,12,0,3,0,03/04/2024 17:17:52,12,0,6,0,03/04/2024 17:18:35,12,0,12,0,03/04/2024 17:19:22,12,0,13,0,03/04/2024 17:20:03,12,0,17,0
03/04/2024 17:17:10,12.1,0,-1,0,03/04/2024 17:17:52,12.1,0,6,0,03/04/2024 17:18:35,12.1,0,12,0,03/04/2024 17:19:22,12.1,0,13,0,03/04/2024 17:20:03,12.1,0,17,0
03/04/2024 17:17:10,12.2,0,-1,0,03/04/2024 17:17:52,12.2,0,1,0,03/04/2024 17:18:35,12.2,0,2,0,03/04/2024 17:19:22,12.2,0,3,0,03/04/2024 17:20:03,12.2,0,0,0
03/04/2024 17:17:10,12.3,0,-1,0,03/04/2024 17:17:52,12.3,0,0,0,03/04/2024 17:18:35,12.3,0,0,0,03/04/2024 17:19:22,12.3,0,0,0,03/04/2024 17:20:03,12.3,0,0,0
03/04/2024 17:17:10,12.4,0,-1,0,03/04/2024 17:17:52,12.4,0,0,0,03/04/2024 17:18:35,12.4,0,0,0,03/04/2024 17:19:22,12.4,0,0,0,03/04/2024 17:20:03,12.4,0,0,0
03/04/2024 17:17:10,12.5,0,0,0,03/04/2024 17:17:52,12.5,0,0,0,03/04/2024 17:18:35,12.5,0,0,0,03/04/2024 17:19:22,12.5,0,0,0,03/04/2024 17:20:03,12.5,0,0,0
03/04/2024 17:17:10,12.6,0,-1,0,03/04/2024 17:17:52,12.6,0,0,0,03/04/2024 17:18:35,12.6,0,0,0,03/04/2024 17:19:22,12.6,0,0,0,03/04/2024 17:20:03,12.6,0,0,0
03/04/2024 17:17:10,12.7,0,-1,0,03/04/2024 17:17:52,12.7,0,0,0,03/04/2024 17:18:35,12.7,0,0,0,03/04/2024 17:19:22,12.7,0,0,0,03/04/2024 17:20:03,12.7,0,0,0
03/04/2024 17:17:10,12.8,0,-1,0,03/04/2024 17:17:52,12.8,0,0,0,03/04/2024 17:18:35,12.8,0,0,0,03/04/2024 17:19:22,12.8,0,0,0,03/04/2024 17:20:03,12.8,0,0,0
03/04/2024 17:17:10,12.9,0,-1,0,03/04/2024 17:17:52,12.9,0,0,0,03/04/2024 17:18:35,12.9,0,0,0,03/04/2024 17:19:22,12.9,0,0,0,03/04/2024 17:20:03,12.9,0,0,0
03/04/2024 17:17:11,13,0,-1,0,03/04/2024 17:17:53,13,0,0,0,03/04/2024 17:18:36,13,0,0,0,03/04/2024 17:19:23,13,0,0,0,03/04/2024 17:20:04,13,0,0,0
03/04/2024 17:17:11,13.1,0,-1,0,03/04/2024 17:17:53,13.1,0,0,0,03/04/2024 17:18:36,13.1,0,0,0,03/04/2024 17:19:23,13.1,0,0,0,03/04/2024 17:20:04,13.1,0,0,0
03/04/2024 17:17:11,13.2,0,-1,0,03/04/2024 17:17:53,13.2,0,0,0,03/04/2024 17:18:36,13.2,0,0,0,03/04/2024 17:19:23,13.2,0,0,0,03/04/2024 17:20:04,13.2,0,0,0
03/04/2024 17:17:11,13.3,0,-1,0,03/04/2024 17:17:53,13.3,0,0,0,03/04/2024 17:18:36,13.3,0,0,0,03/04/2024 17:19:23,13.3,0,0,0,03/04/2024 17:20:04,13.3,0,0,0
03/04/2024 17:17:11,13.4,0,-1,0,03/04/2024 17:17:53,13.4,0,0,0,03/04/2024 17:18:36,13.4,0,0,0,03/04/2024 17:19:23,13.4,0,0,0,03/04/2024 17:20:04,13.4,0,0,0
03/04/2024 17:17:11,13.5,0,0,0,03/04/2024 17:17:53,13.5,0,0,0,03/04/2024 17:18:36,13.5,0,0,0,03/04/2024 17:19:23,13.5,0,0,0,03/04/2024 17:20:04,13.5,0,0,0
03/04/2024 17:17:11,13.6,0,-1,0,03/04/2024 17:17:53,13.6,0,0,0,03/04/2024 17:18:36,13.6,0,0,0,03/04/2024 17:19:23,13.6,0,0,0,03/04/2024 17:20:04,13.6,0,0,0
03/04/2024 17:17:11,13.7,0,-1,0,03/04/2024 17:17:53,13.7,0,0,0,03/04/2024 17:18:36,13.7,0,0,0,03/04/2024 17:19:23,13.7,0,0,0,03/04/2024 17:20:04,13.7,0,0,0
03/04/2024 17:17:11,13.8,0,-1,0,03/04/2024 17:17:53,13.8,0,0,0,03/04/2024 17:18:36,13.8,0,0,0,03/04/2024 17:19:23,13.8,0,0,0,03/04/2024 17:20:04,13.8,0,0,0
03/04/2024 17:17:11,13.9,0,0,0,03/04/2024 17:17:53,13.9,0,0,0,03/04/2024 17:18:36,13.9,0,0,0,03/04/2024 17:19:23,13.9,0,0,0,03/04/2024 17:20:04,13.9,0,0,0
03/04/2024 17:17:12,14,0,0,0,03/04/2024 17:17:54,14,0,0,0,03/04/2024 17:18:37,14,0,0,0,03/04/2024 17:19:24,14,0,0,0,03/04/2024 17:20:05,14,0,0,0
03/04/2024 17:17:12,14.1,0,0,0,03/04/2024 17:17:54,14.1,0,0,0,03/04/2024 17:18:37,14.1,0,0,0,03/04/2024 17:19:24,14.1,0,0,0,03/04/2024 17:20:05,14.1,0,0,0
03/04/2024 17:17:12,14.2,0,-1,0,03/04/2024 17:17:54,14.2,0,0,0,03/04/2024 17:18:37,14.2,0,0,0,03/04/2024 17:19:24,14.2,0,1,0,03/04/2024 17:20:05,14.2,0,0,0
03/04/2024 17:17:12,14.3,0,-1,0,03/04/2024 17:17:54,14.3,0,0,0,03/04/2024 17:18:37,14.3,0,0,0,03/04/2024 17:19:24,14.3,0,0,0,03/04/2024 17:20:05,14.3,0,0,0
03/04/2024 17:17:12,14.4,0,-1,0,03/04/2024 17:17:54,14.4,0,0,0,03/04/2024 17:18:37,14.4,0,1,0,03/04/2024 17:19:24,14.4,0,1,0,03/04/2024 17:20:05,14.4,0,0,0
03/04/2024 17:17:12,14.5,0,-1,0,03/04/2024 17:17:54,14.5,0,0,0,03/04/2024 17:18:37,14.5,0,0,0,03/04/2024 17:19:24,14.5,0,0,0,03/04/2024 17:20:05,14.5,0,0,0
03/04/2024 17:17:12,14.6,0,-1,0,03/04/2024 17:17:54,14.6,0,0,0,03/04/2024 17:18:37,14.6,0,0,0,03/04/2024 17:19:24,14.6,0,1,0,03/04/2024 17:20:05,14.6,0,0,0
03/04/2024 17:17:12,14.7,0,-1,0,03/04/2024 17:17:54,14.7,0,0,0,03/04/2024 17:18:37,14.7,0,0,0,03/04/2024 17:19:24,14.7,0,1,0,03/04/2024 17:20:05,14.7,0,0,0
03/04/2024 17:17:12,14.8,0,-1,0,03/04/2024 17:17:54,14.8,0,0,0,03/04/2024 17:18:37,14.8,0,1,0,03/04/2024 17:19:24,14.8,0,0,0,03/04/2024 17:20:05,14.8,0,0,0
03/04/2024 17:17:12,14.9,0,-1,0,03/04/2024 17:17:54,14.9,0,0,0,03/04/2024 17:18:37,14.9,0,1,0,03/04/2024 17:19:24,14.9,0,0,0,03/04/2024 17:20:05,14.9,0,0,0
03/04/2024 17:17:13,15,0,-1,0,03/04/2024 17:17:55,15,0,0,0,03/04/2024 17:18:38,15,0,0,0,03/04/2024 17:19:25,15,0,0,0,03/04/2024 17:20:06,15,0,0,0
03/04/2024 17:17:13,15.1,0,0,0,03/04/2024 17:17:55,15.1,0,0,0,03/04/2024 17:18:38,15.1,0,1,0,03/04/2024 17:19:25,15.1,0,1,0,03/04/2024 17:20:06,15.1,0,0,0
03/04/2024 17:17:13,15.2,0,1,0,03/04/2024 17:17:55,15.2,0,0,0,03/04/2024 17:18:38,15.2,0,0,0,03/04/2024 17:19:25,15.2,0,1,0,03/04/2024 17:20:06,15.2,0,0,0
03/04/2024 17:17:13,15.3,0,4,0,03/04/2024 17:17:55,15.3,0,4,0,03/04/2024 17:18:38,15.3,0,6,0,03/04/2024 17:19:25,15.3,0,7,0,03/04/2024 17:20:06,15.3,0,9,0
03/04/2024 17:17:13,15.4,0,4,0,03/04/2024 17:17:55,15.4,0,7,0,03/04/2024 17:18:38,15.4,0,10,0,03/04/2024 17:19:25,15.4,0,13,0,03/04/2024 17:20:06,15.4,0,15,0
03/04/2024 17:17:13,15.5,0,4,0,03/04/2024 17:17:55,15.5,0,7,0,03/04/2024 17:18:38,15.5,0,13,0,03/04/2024 17:19:25,15.5,0,14,0,03/04/2024 17:20:06,15.5,0,18,0
03/04/2024 17:17:13,15.6,0,3,0,03/04/2024 17:17:55,15.6,0,7,0,03/04/2024 17:18:38,15.6,0,13,0,03/04/2024 17:19:25,15.6,0,13,0,03/04/2024 17:20:06,15.6,0,17,0
03/04/2024 17:17:13,15.7,0,4,0,03/04/2024 17:17:55,15.7,0,7,0,03/04/2024 17:18:38,15.7,0,13,0,03/04/2024 17:19:25,15.7,0,13,0,03/04/2024 17:20:06,15.7,0,17,0
03/04/2024 17:17:13,15.8,0,4,0,03/04/2024 17:17:55,15.8,0,7,0,03/04/2024 17:18:38,15.8,0,13,0,03/04/2024 17:19:25,15.8,0,14,0,03/04/2024 17:20:06,15.8,0,17,0
03/04/2024 17:17:13,15.9,0,3,0,03/04/2024 17:17:55,15.9,0,7,0,03/04/2024 17:18:38,15.9,0,12,0,03/04/2024 17:19:25,15.9,0,14,0,03/04/2024 17:20:06,15.9,0,16,0
03/04/2024 17:17:14,16,0,3,0,03/04/2024 17:17:56,16,0,6,0,03/04/2024 17:18:39,16,0,13,0,03/04/2024 17:19:26,16,0,14,0,03/04/2024 17:20:07,16,0,17,0
03/04/2024 17:17:14,16.1,0,3,0,03/04/2024 17:17:56,16.1,0,7,0,03/04/2024 17:18:39,16.1,0,13,0,03/04/2024 17:19:26,16.1,0,14,0,03/04/2024 17:20:07,16.1,0,16,0
03/04/2024 17:17:14,16.2,0,3,0,03/04/2024 17:17:56,16.2,0,7,0,03/04/2024 17:18:39,16.2,0,13,0,03/04/2024 17:19:26,16.2,0,14,0,03/04/2024 17:20:07,16.2,0,17,0
03/04/2024 17:17:14,16.3,0,3,0,03/04/2024 17:17:56,16.3,0,7,0,03/04/2024 17:18:39,16.3,0,12,0,03/04/2024 17:19:26,16.3,0,13,0,03/04/2024 17:20:07,16.3,0,16,0
03/04/2024 17:17:14,16.4,0,3,0,03/04/2024 17:17:56,16.4,0,7,0,03/04/2024 17:18:39,16.4,0,12,0,03/04/2024 17:19:26,16.4,0,13,0,03/04/2024 17:20:07,16.4,0,16,0
03/04/2024 17:17:14,16.5,0,3,0,03/04/2024 17:17:56,16.5,0,7,0,03/04/2024 17:18:39,16.5,0,13,0,03/04/2024 17:19:26,16.5,0,13,0,03/04/2024 17:20:07,16.5,0,16,0
03/04/2024 17:17:14,16.6,0,3,0,03/04/2024 17:17:56,16.6,0,6,0,03/04/2024 17:18:39,16.6,0,13,0,03/04/2024 17:19:26,16.6,0,13,0,03/04/2024 17:20:07,16.6,0,17,0
03/04/2024 17:17:14,16.7,0,3,0,03/04/2024 17:17:56,16.7,0,7,0,03/04/2024 17:18:39,16.7,0,13,0,03/04/2024 17:19:26,16.7,0,14,0,03/04/2024 17:20:07,16.7,0,17,0
03/04/2024 17:17:14,16.8,0,3,0,03/04/2024 17:17:56,16.8,0,6,0,03/04/2024 17:18:39,16.8,0,13,0,03/04/2024 17:19:26,16.8,0,13,0,03/04/2024 17:20:07,16.8,0,16,0
03/04/2024 17:17:14,16.9,0,3,0,03/04/2024 17:17:56,16.9,0,7,0,03/04/2024 17:18:39,16.9,0,13,0,03/04/2024 17:19:26,16.9,0,13,0,03/04/2024 17:20:07,16.9,0,15,0
03/04/2024 17:17:15,17,0,3,0,03/04/2024 17:17:57,17,0,7,0,03/04/2024 17:18:40,17,0,13,0,03/04/2024 17:19:27,17,0,13,0,03/04/2024 17:20:08,17,0,14,0
03/04/2024 17:17:15,17.1,0,3,0,03/04/2024 17:17:57,17.1,0,6,0,03/04/2024 17:18:40,17.1,0,12,0,03/04/2024 17:19:27,17.1,0,13,0,03/04/2024 17:20:08,17.1,0,13,0
03/04/2024 17:17:15,17.2,0,3,0,03/04/2024 17:17:57,17.2,0,7,0,03/04/2024 17:18:40,17.2,0,12,0,03/04/2024 17:19:27,17.2,0,13,0,03/04/2024 17:20:08,17.2,0,11,0
03/04/2024 17:17:15,17.3,0,3,0,03/04/2024 17:17:57,17.3,0,7,0,03/04/2024 17:18:40,17.3,0,12,0,03/04/2024 17:19:27,17.3,0,13,0,03/04/2024 17:20:08,17.3,0,14,0
03/04/2024 17:17:15,17.4,0,3,0,03/04/2024 17:17:57,17.4,0,7,0,03/04/2024 17:18:40,17.4,0,12,0,03/04/2024 17:19:27,17.4,0,13,0,03/04/2024 17:20:08,17.4,0,17,0
03/04/2024 17:17:15,17.5,0,3,0,03/04/2024 17:17:57,17.5,0,6,0,03/04/2024 17:18:40,17.5,0,12,0,03/04/2024 17:19:27,17.5,0,13,0,03/04/2024 17:20:08,17.5,0,17,0
03/04/2024 17:17:15,17.6,0,3,0,03/04/2024 17:17:57,17.6,0,7,0,03/04/2024 17:18:40,17.6,0,12,0,03/04/2024 17:19:27,17.6,0,13,0,03/04/2024 17:20:08,17.6,0,15,0
03/04/2024 17:17:15,17.7,0,3,0,03/04/2024 17:17:57,17.7,0,6,0,03/04/2024 17:18:40,17.7,0,12,0,03/04/2024 17:19:27,17.7,0,13,0,03/04/2024 17:20:08,17.7,0,16,0
03/04/2024 17:17:15,17.8,0,3,0,03/04/2024 17:17:57,17.8,0,6,0,03/04/2024 17:18:40,17.8,0,12,0,03/04/2024 17:19:27,17.8,0,13,0,03/04/2024 17:20:08,17.8,0,16,0
03/04/2024 17:17:15,17.9,0,3,0,03/04/2024 17:17:57,17.9,0,6,0,03/04/2024 17:18:40,17.9,0,12,0,03/04/2024 17:19:27,17.9,0,13,0,03/04/2024 17:20:08,17.9,0,17,0
03/04/2024 17:17:16,18,0,3,0,03/04/2024 17:17:58,18,0,6,0,03/04/2024 17:18:41,18,0,12,0,03/04/2024 17:19:28,18,0,13,0,03/04/2024 17:20:09,18,0,17,0
03/04/2024 17:17:16,18.1,0,3,0,03/04/2024 17:17:58,18.1,0,6,0,03/04/2024 17:18:41,18.1,0,12,0,03/04/2024 17:19:28,18.1,0,14,0,03/04/2024 17:20:09,18.1,0,17,0
03/04/2024 17:17:16,18.2,0,2,0,03/04/2024 17:17:58,18.2,0,6,0,03/04/2024 17:18:41,18.2,0,12,0,03/04/2024 17:19:28,18.2,0,13,0,03/04/2024 17:20:09,18.2,0,17,0
03/04/2024 17:17:16,18.3,0,3,0,03/04/2024 17:17:58,18.3,0,6,0,03/04/2024 17:18:41,18.3,0,12,0,03/04/2024 17:19:28,18.3,0,13,0,03/04/2024 17:20:09,18.3,0,16,0
03/04/2024 17:17:16,18.4,0,3,0,03/04/2024 17:17:58,18.4,0,7,0,03/04/2024 17:18:41,18.4,0,12,0,03/04/2024 17:19:28,18.4,0,13,0,03/04/2024 17:20:09,18.4,0,17,0
03/04/2024 17:17:16,18.5,0,2,0,03/04/2024 17:17:58,18.5,0,6,0,03/04/2024 17:18:41,18.5,0,12,0,03/04/2024 17:19:28,18.5,0,13,0,03/04/2024 17:20:09,18.5,0,15,0
03/04/2024 17:17:16,18.6,0,2,0,03/04/2024 17:17:58,18.6,0,6,0,03/04/2024 17:18:41,18.6,0,12,0,03/04/2024 17:19:28,18.6,0,13,0,03/04/2024 17:20:09,18.6,0,14,0
03/04/2024 17:17:16,18.7,0,3,0,03/04/2024 17:17:58,18.7,0,6,0,03/04/2024 17:18:41,18.7,0,12,0,03/04/2024 17:19:28,18.7,0,13,0,03/04/2024 17:20:09,18.7,0,13,0
03/04/2024 17:17:16,18.8,0,2,0,03/04/2024 17:17:58,18.8,0,6,0,03/04/2024 17:18:41,18.8,0,12,0,03/04/2024 17:19:28,18.8,0,13,0,03/04/2024 17:20:09,18.8,0,14,0
03/04/2024 17:17:16,18.9,0,3,0,03/04/2024 17:17:58,18.9,0,6,0,03/04/2024 17:18:41,18.9,0,12,0,03/04/2024 17:19:28,18.9,0,13,0,03/04/2024 17:20:09,18.9,0,17,0
03/04/2024 17:17:17,19,0,3,0,03/04/2024 17:17:59,19,0,6,0,03/04/2024 17:18:42,19,0,12,0,03/04/2024 17:19:29,19,0,13,0,03/04/2024 17:20:10,19,0,17,0
03/04/2024 17:17:17,19.1,0,0,0,03/04/2024 17:17:59,19.1,0,6,0,03/04/2024 17:18:42,19.1,0,12,0,03/04/2024 17:19:29,19.1,0,13,0,03/04/2024 17:20:10,19.1,0,16,0
03/04/2024 17:17:17,19.2,0,-1,0,03/04/2024 17:17:59,19.2,0,2,0,03/04/2024 17:18:42,19.2,0,2,0,03/04/2024 17:19:29,19.2,0,3,0,03/04/2024 17:20:10,19.2,0,0,0
03/04/2024 17:17:17,19.3,0,-1,0,03/04/2024 17:17:59,19.3,0,0,0,03/04/2024 17:18:42,19.3,0,0,0,03/04/2024 17:19:29,19.3,0,1,0,03/04/2024 17:20:10,19.3,0,0,0
03/04/2024 17:17:17,19.4,0,0,0,03/04/2024 17:17:59,19.4,0,0,0,03/04/2024 17:18:42,19.4,0,0,0,03/04/2024 17:19:29,19.4,0,1,0,03/04/2024 17:20:10,19.4,0,0,0
03/04/2024 17:17:17,19.5,0,0,0,03/04/2024 17:17:59,19.5,0,0,0,03/04/2024 17:18:42,19.5,0,0,0,03/04/2024 17:19:29,19.5,0,0,0,03/04/2024 17:20:10,19.5,0,0,0
03/04/2024 17:17:17,19.6,0,-1,0,03/04/2024 17:17:59,19.6,0,0,0,03/04/2024 17:18:42,19.6,0,0,0,03/04/2024 17:19:29,19.6,0,1,0,03/04/2024 17:20:10,19.6,0,0,0
03/04/2024 17:17:17,19.7,0,-1,0,03/04/2024 17:17:59,19.7,0,0,0,03/04/2024 17:18:42,19.7,0,0,0,03/04/2024 17:19:29,19.7,0,1,0,03/04/2024 17:20:10,19.7,0,0,0
03/04/2024 17:17:17,19.8,0,-1,0,03/04/2024 17:17:59,19.8,0,0,0,03/04/2024 17:18:42,19.8,0,0,0,03/04/2024 17:19:29,19.8,0,1,0,03/04/2024 17:20:10,19.8,0,0,0
03/04/2024 17:17:17,19.9,0,-1,0,03/04/2024 17:17:59,19.9,0,0,0,03/04/2024 17:18:42,19.9,0,0,0,03/04/2024 17:19:29,19.9,0,1,0,03/04/2024 17:20:10,19.9,0,0,0
03/04/2024 17:17:18,20,0,-1,0,03/04/2024 17:18:00,20,0,0,0,03/04/2024 17:18:43,20,0,0,0,03/04/2024 17:19:30,20,0,1,0,03/04/2024 17:20:11,20,0,0,0
03/04/2024 17:17:18,20.1,0,-1,0,03/04/2024 17:18:00,20.1,0,0,0,03/04/2024 17:18:43,20.1,0,0,0,03/04/2024 17:19:30,20.1,0,1,0,03/04/2024 17:20:11,20.1,0,0,0
03/04/2024 17:17:18,20.2,0,-1,0,03/04/2024 17:18:00,20.2,0,0,0,03/04/2024 17:18:43,20.2,0,0,0,03/04/2024 17:19:30,20.2,0,0,0,03/04/2024 17:20:11,20.2,0,0,0
03/04/2024 17:17:18,20.3,0,-1,0,03/04/2024 17:18:00,20.3,0,0,0,03/04/2024 17:18:43,20.3,0,0,0,03/04/2024 17:19:30,20.3,0,1,0,03/04/2024 17:20:11,20.3,0,0,0
03/04/2024 17:17:18,20.4,0,-1,0,03/04/2024 17:18:00,20.4,0,0,0,03/04/2024 17:18:43,20.4,0,0,0,03/04/2024 17:19:30,20.4,0,1,0,03/04/2024 17:20:11,20.4,0,0,0
03/04/2024 17:17:18,20.5,0,-1,0,03/04/2024 17:18:00,20.5,0,0,0,03/04/2024 17:18:43,20.5,0,0,0,03/04/2024 17:19:30,20.5,0,1,0,03/04/2024 17:20:11,20.5,0,0,0
03/04/2024 17:17:18,20.6,0,0,0,03/04/2024 17:18:00,20.6,0,0,0,03/04/2024 17:18:43,20.6,0,0,0,03/04/2024 17:19:30,20.6,0,0,0,03/04/2024 17:20:11,20.6,0,0,0
03/04/2024 17:17:18,20.7,0,0,0,03/04/2024 17:18:00,20.7,0,0,0,03/04/2024 17:18:43,20.7,0,0,0,03/04/2024 17:19:30,20.7,0,0,0,03/04/2024 17:20:11,20.7,0,0,0
03/04/2024 17:17:18,20.8,0,-1,0,03/04/2024 17:18:00,20.8,0,0,0,03/04/2024 17:18:43,20.8,0,0,0,03/04/2024 17:19:30,20.8,0,1,0,03/04/2024 17:20:11,20.8,0,0,0
03/04/2024 17:17:18,20.9,0,0,0,03/04/2024 17:18:00,20.9,0,0,0,03/04/2024 17:18:43,20.9,0,0,0,03/04/2024 17:19:30,20.9,0,0,0,03/04/2024 17:20:11,20.9,0,1,0
03/04/2024 17:17:19,21,0,-1,0,03/04/2024 17:18:01,21,0,0,0,03/04/2024 17:18:44,21,0,0,0,03/04/2024 17:19:31,21,0,0,0,03/04/2024 17:20:12,21,0,0,0
03/04/2024 17:17:19,21.1,0,-1,0,03/04/2024 17:18:01,21.1,0,0,0,03/04/2024 17:18:44,21.1,0,0,0,03/04/2024 17:19:31,21.1,0,0,0,03/04/2024 17:20:12,21.1,0,0,0
03/04/2024 17:17:19,21.2,0,-1,0,03/04/2024 17:18:01,21.2,0,0,0,03/04/2024 17:18:44,21.2,0,0,0,03/04/2024 17:19:31,21.2,0,0,0,03/04/2024 17:20:12,21.2,0,0,0
03/04/2024 17:17:19,21.3,0,-1,0,03/04/2024 17:18:01,21.3,0,0,0,03/04/2024 17:18:44,21.3,0,0,0,03/04/2024 17:19:31,21.3,0,0,0,03/04/2024 17:20:12,21.3,0,0,0
03/04/2024 17:17:19,21.4,0,-1,0,03/04/2024 17:18:01,21.4,0,0,0,03/04/2024 17:18:44,21.4,0,0,0,03/04/2024 17:19:31,21.4,0,0,0,03/04/2024 17:20:12,21.4,0,1,0
03/04/2024 17:17:19,21.5,0,-1,0,03/04/2024 17:18:01,21.5,0,0,0,03/04/2024 17:18:44,21.5,0,0,0,03/04/2024 17:19:31,21.5,0,0,0,03/04/2024 17:20:12,21.5,0,0,0
03/04/2024 17:17:19,21.6,0,0,0,03/04/2024 17:18:01,21.6,0,0,0,03/04/2024 17:18:44,21.6,0,0,0,03/04/2024 17:19:31,21.6,0,0,0,03/04/2024 17:20:12,21.6,0,0,0
03/04/2024 17:17:19,21.7,0,-1,0,03/04/2024 17:18:01,21.7,0,0,0,03/04/2024 17:18:44,21.7,0,0,0,03/04/2024 17:19:31,21.7,0,0,0,03/04/2024 17:20:12,21.7,0,0,0
03/04/2024 17:17:19,21.8,0,-1,0,03/04/2024 17:18:01,21.8,0,0,0,03/04/2024 17:18:44,21.8,0,0,0,03/04/2024 17:19:31,21.8,0,0,0,03/04/2024 17:20:12,21.8,0,0,0
03/04/2024 17:17:19,21.9,0,0,0,03/04/2024 17:18:01,21.9,0,0,0,03/04/2024 17:18:44,21.9,0,0,0,03/04/2024 17:19:31,21.9,0,0,0,03/04/2024 17:20:12,21.9,0,0,0
03/04/2024 17:17:20,22,0,-1,0,03/04/2024 17:18:02,22,0,0,0,03/04/2024 17:18:45,22,0,0,0,03/04/2024 17:19:32,22,0,1,0,03/04/2024 17:20:13,22,0,0,0
03/04/2024 17:17:20,22.1,0,0,0,03/04/2024 17:18:02,22.1,0,0,0,03/04/2024 17:18:45,22.1,0,0,0,03/04/2024 17:19:32,22.1,0,0,0,03/04/2024 17:20:13,22.1,0,0,0
03/04/2024 17:17:20,22.2,0,1,0,03/04/2024 17:18:02,22.2,0,0,0,03/04/2024 17:18:45,22.2,0,0,0,03/04/2024 17:19:32,22.2,0,1,0,03/04/2024 17:20:13,22.2,0,1,0
03/04/2024 17:17:20,22.3,0,4,0,03/04/2024 17:18:02,22.3,0,4,0,03/04/2024 17:18:45,22.3,0,6,0,03/04/2024 17:19:32,22.3,0,8,0,03/04/2024 17:20:13,22.3,0,10,0
03/04/2024 17:17:20,22.4,0,3,0,03/04/2024 17:18:02,22.4,0,7,0,03/04/2024 17:18:45,22.4,0,10,0,03/04/2024 17:19:32,22.4,0,13,0,03/04/2024 17:20:13,22.4,0,15,0
03/04/2024 17:17:20,22.5,0,4,0,03/04/2024 17:18:02,22.5,0,7,0,03/04/2024 17:18:45,22.5,0,13,0,03/04/2024 17:19:32,22.5,0,14,0,03/04/2024 17:20:13,22.5,0,18,0
03/04/2024 17:17:20,22.6,0,4,0,03/04/2024 17:18:02,22.6,0,7,0,03/04/2024 17:18:45,22.6,0,13,0,03/04/2024 17:19:32,22.6,0,13,0,03/04/2024 17:20:13,22.6,0,17,0
03/04/2024 17:17:20,22.7,0,3,0,03/04/2024 17:18:02,22.7,0,7,0,03/04/2024 17:18:45,22.7,0,13,0,03/04/2024 17:19:32,22.7,0,14,0,03/04/2024 17:20:13,22.7,0,17,0
03/04/2024 17:17:20,22.8,0,3,0,03/04/2024 17:18:02,22.8,0,6,0,03/04/2024 17:18:45,22.8,0,13,0,03/04/2024 17:19:32,22.8,0,13,0,03/04/2024 17:20:13,22.8,0,17,0
03/04/2024 17:17:20,22.9,0,3,0,03/04/2024 17:18:02,22.9,0,7,0,03/04/2024 17:18:45,22.9,0,13,0,03/04/2024 17:19:32,22.9,0,14,0,03/04/2024 17:20:13,22.9,0,17,0
03/04/2024 17:17:21,23,0,3,0,03/04/2024 17:18:03,23,0,7,0,03/04/2024 17:18:46,23,0,12,0,03/04/2024 17:19:33,23,0,13,0,03/04/2024 17:20:14,23,0,17,0
03/04/2024 17:17:21,23.1,0,3,0,03/04/2024 17:18:03,23.1,0,6,0,03/04/2024 17:18:46,23.1,0,12,0,03/04/2024 17:19:33,23.1,0,14,0,03/04/2024 17:20:14,23.1,0,17,0
03/04/2024 17:17:21,23.2,0,3,0,03/04/2024 17:18:03,23.2,0,7,0,03/04/2024 17:18:46,23.2,0,12,0,03/04/2024 17:19:33,23.2,0,14,0,03/04/2024 17:20:14,23.2,0,16,0
03/04/2024 17:17:21,23.3,0,3,0,03/04/2024 17:18:03,23.3,0,6,0,03/04/2024 17:18:46,23.3,0,12,0,03/04/2024 17:19:33,23.3,0,13,0,03/04/2024 17:20:14,23.3,0,15,0
03/04/2024 17:17:21,23.4,0,3,0,03/04/2024 17:18:03,23.4,0,7,0,03/04/2024 17:18:46,23.4,0,12,0,03/04/2024 17:19:33,23.4,0,14,0,03/04/2024 17:20:14,23.4,0,12,0
03/04/2024 17:17:21,23.5,0,3,0,03/04/2024 17:18:03,23.5,0,7,0,03/04/2024 17:18:46,23.5,0,12,0,03/04/2024 17:19:33,23.5,0,13,0,03/04/2024 17:20:14,23.5,0,10,0
03/04/2024 17:17:21,23.6,0,3,0,03/04/2024 17:18:03,23.6,0,6,0,03/04/2024 17:18:46,23.6,0,12,0,03/04/2024 17:19:33,23.6,0,13,0,03/04/2024 17:20:14,23.6,0,16,0
03/04/2024 17:17:21,23.7,0,3,0,03/04/2024 17:18:03,23.7,0,7,0,03/04/2024 17:18:46,23.7,0,13,0,03/04/2024 17:19:33,23.7,0,14,0,03/04/2024 17:20:14,23.7,0,17,0
03/04/2024 17:17:21,23.8,0,2,0,03/04/2024 17:18:03,23.8,0,7,0,03/04/2024 17:18:46,23.8,0,12,0,03/04/2024 17:19:33,23.8,0,14,0,03/04/2024 17:20:14,23.8,0,17,0
03/04/2024 17:17:21,23.9,0,3,0,03/04/2024 17:18:03,23.9,0,6,0,03/04/2024 17:18:46,23.9,0,12,0,03/04/2024 17:19:33,23.9,0,13,0,03/04/2024 17:20:14,23.9,0,17,0
03/04/2024 17:17:22,24,0,3,0,03/04/2024 17:18:04,24,0,6,0,03/04/2024 17:18:47,24,0,12,0,03/04/2024 17:19:34,24,0,13,0,03/04/2024 17:20:15,24,0,17,0
03/04/2024 17:17:22,24.1,0,3,0,03/04/2024 17:18:04,24.1,0,6,0,03/04/2024 17:18:47,24.1,0,12,0,03/04/2024 17:19:34,24.1,0,13,0,03/04/2024 17:20:15,24.1,0,17,0
03/04/2024 17:17:22,24.2,0,3,0,03/04/2024 17:18:04,24.2,0,7,0,03/04/2024 17:18:47,24.2,0,12,0,03/04/2024 17:19:34,24.2,0,13,0,03/04/2024 17:20:15,24.2,0,17,0
03/04/2024 17:17:22,24.3,0,3,0,03/04/2024 17:18:04,24.3,0,6,0,03/04/2024 17:18:47,24.3,0,12,0,03/04/2024 17:19:34,24.3,0,13,0,03/04/2024 17:20:15,24.3,0,17,0
03/04/2024 17:17:22,24.4,0,3,0,03/04/2024 17:18:04,24.4,0,6,0,03/04/2024 17:18:47,24.4,0,12,0,03/04/2024 17:19:34,24.4,0,13,0,03/04/2024 17:20:15,24.4,0,16,0
03/04/2024 17:17:22,24.5,0,3,0,03/04/2024 17:18:04,24.5,0,6,0,03/04/2024 17:18:47,24.5,0,12,0,03/04/2024 17:19:34,24.5,0,13,0,03/04/2024 17:20:15,24.5,0,14,0
03/04/2024 17:17:22,24.6,0,3,0,03/04/2024 17:18:04,24.6,0,6,0,03/04/2024 17:18:47,24.6,0,12,0,03/04/2024 17:19:34,24.6,0,13,0,03/04/2024 17:20:15,24.6,0,9,0
03/04/2024 17:17:22,24.7,0,3,0,03/04/2024 17:18:04,24.7,0,6,0,03/04/2024 17:18:47,24.7,0,12,0,03/04/2024 17:19:34,24.7,0,13,0,03/04/2024 17:20:15,24.7,0,13,0
03/04/2024 17:17:22,24.8,0,3,0,03/04/2024 17:18:04,24.8,0,6,0,03/04/2024 17:18:47,24.8,0,12,0,03/04/2024 17:19:34,24.8,0,13,0,03/04/2024 17:20:15,24.8,0,17,0
03/04/2024 17:17:22,24.9,0,3,0,03/04/2024 17:18:04,24.9,0,6,0,03/04/2024 17:18:47,24.9,0,12,0,03/04/2024 17:19:34,24.9,0,13,0,03/04/2024 17:20:15,24.9,0,17,0
03/04/2024 17:17:23,25,0,3,0,03/04/2024 17:18:05,25,0,6,0,03/04/2024 17:18:48,25,0,12,0,03/04/2024 17:19:35,25,0,13,0,03/04/2024 17:20:16,25,0,17,0
03/04/2024 17:17:23,25.1,0,3,0,03/04/2024 17:18:05,25.1,0,6,0,03/04/2024 17:18:48,25.1,0,12,0,03/04/2024 17:19:35,25.1,0,13,0,03/04/2024 17:20:16,25.1,0,17,0
03/04/2024 17:17:23,25.2,0,2,0,03/04/2024 17:18:05,25.2,0,6,0,03/04/2024 17:18:48,25.2,0,12,0,03/04/2024 17:19:35,25.2,0,13,0,03/04/2024 17:20:16,25.2,0,16,0
03/04/2024 17:17:23,25.3,0,2,0,03/04/2024 17:18:05,25.3,0,6,0,03/04/2024 17:18:48,25.3,0,12,0,03/04/2024 17:19:35,25.3,0,13,0,03/04/2024 17:20:16,25.3,0,14,0
03/04/2024 17:17:23,25.4,0,2,0,03/04/2024 17:18:05,25.4,0,6,0,03/04/2024 17:18:48,25.4,0,12,0,03/04/2024 17:19:35,25.4,0,13,0,03/04/2024 17:20:16,25.4,0,14,0
03/04/2024 17:17:23,25.5,0,2,0,03/04/2024 17:18:05,25.5,0,6,0,03/04/2024 17:18:48,25.5,0,12,0,03/04/2024 17:19:35,25.5,0,13,0,03/04/2024 17:20:16,25.5,0,11,0
03/04/2024 17:17:23,25.6,0,3,0,03/04/2024 17:18:05,25.6,0,6,0,03/04/2024 17:18:48,25.6,0,13,0,03/04/2024 17:19:35,25.6,0,13,0,03/04/2024 17:20:16,25.6,0,11,0
03/04/2024 17:17:23,25.7,0,3,0,03/04/2024 17:18:05,25.7,0,6,0,03/04/2024 17:18:48,25.7,0,12,0,03/04/2024 17:19:35,25.7,0,13,0,03/04/2024 17:20:16,25.7,0,15,0
03/04/2024 17:17:23,25.8,0,2,0,03/04/2024 17:18:05,25.8,0,6,0,03/04/2024 17:18:48,25.8,0,12,0,03/04/2024 17:19:35,25.8,0,13,0,03/04/2024 17:20:16,25.8,0,17,0
03/04/2024 17:17:23,25.9,0,2,0,03/04/2024 17:18:05,25.9,0,6,0,03/04/2024 17:18:48,25.9,0,12,0,03/04/2024 17:19:35,25.9,0,13,0,03/04/2024 17:20:16,25.9,0,17,0
03/04/2024 17:17:24,26,0,3,0,03/04/2024 17:18:06,26,0,6,0,03/04/2024 17:18:49,26,0,12,0,03/04/2024 17:19:36,26,0,13,0,03/04/2024 17:20:17,26,0,17,0
03/04/2024 17:17:24,26.1,0,-1,0,03/04/2024 17:18:06,26.1,0,6,0,03/04/2024 17:18:49,26.1,0,12,0,03/04/2024 17:19:36,26.1,0,13,0,03/04/2024 17:20:17,26.1,0,17,0
03/04/2024 17:17:24,26.2,0,-1,0,03/04/2024 17:18:06,26.2,0,2,0,03/04/2024 17:18:49,26.2,0,2,0,03/04/2024 17:19:36,26.2,0,3,0,03/04/2024 17:20:17,26.2,0,0,0
03/04/2024 17:17:24,26.3,0,-1,0,03/04/2024 17:18:06,26.3,0,0,0,03/04/2024 17:18:49,26.3,0,0,0,03/04/2024 17:19:36,26.3,0,0,0,03/04/2024 17:20:17,26.3,0,0,0
03/04/2024 17:17:24,26.4,0,-1,0,03/04/2024 17:18:06,26.4,0,0,0,03/04/2024 17:18:49,26.4,0,0,0,03/04/2024 17:19:36,26.4,0,0,0,03/04/2024 17:20:17,26.4,0,0,0
03/04/2024 17:17:24,26.5,0,-1,0,03/04/2024 17:18:06,26.5,0,0,0,03/04/2024 17:18:49,26.5,0,0,0,03/04/2024 17:19:36,26.5,0,1,0,03/04/2024 17:20:17,26.5,0,0,0
03/04/2024 17:17:24,26.6,0,0,0,03/04/2024 17:18:06,26.6,0,0,0,03/04/2024 17:18:49,26.6,0,0,0,03/04/2024 17:19:36,26.6,0,0,0,03/04/2024 17:20:17,26.6,0,0,0
03/04/2024 17:17:24,26.7,0,0,0,03/04/2024 17:18:06,26.7,0,0,0,03/04/2024 17:18:49,26.7,0,0,0,03/04/2024 17:19:36,26.7,0,1,0,03/04/2024 17:20:17,26.7,0,0,0
03/04/2024 17:17:24,26.8,0,-1,0,03/04/2024 17:18:06,26.8,0,0,0,03/04/2024 17:18:49,26.8,0,0,0,03/04/2024 17:19:36,26.8,0,0,0,03/04/2024 17:20:17,26.8,0,0,0
03/04/2024 17:17:24,26.9,0,0,0,03/04/2024 17:18:06,26.9,0,0,0,03/04/2024 17:18:49,26.9,0,1,0,03/04/2024 17:19:36,26.9,0,0,0,03/04/2024 17:20:17,26.9,0,0,0
03/04/2024 17:17:25,27,0,-1,0,03/04/2024 17:18:07,27,0,0,0,03/04/2024 17:18:50,27,0,0,0,03/04/2024 17:19:37,27,0,1,0,03/04/2024 17:20:18,27,0,0,0
03/04/2024 17:17:25,27.1,0,-1,0,03/04/2024 17:18:07,27.1,0,0,0,03/04/2024 17:18:50,27.1,0,0,0,03/04/2024 17:19:37,27.1,0,0,0,03/04/2024 17:20:18,27.1,0,0,0
03/04/2024 17:17:25,27.2,0,0,0,03/04/2024 17:18:07,27.2,0,0,0,03/04/2024 17:18:50,27.2,0,0,0,03/04/2024 17:19:37,27.2,0,1,0,03/04/2024 17:20:18,27.2,0,0,0
03/04/2024 17:17:25,27.3,0,-1,0,03/04/2024 17:18:07,27.3,0,0,0,03/04/2024 17:18:50,27.3,0,0,0,03/04/2024 17:19:37,27.3,0,0,0,03/04/2024 17:20:18,27.3,0,0,0
03/04/2024 17:17:25,27.4,0,-1,0,03/04/2024 17:18:07,27.4,0,0,0,03/04/2024 17:18:50,27.4,0,0,0,03/04/2024 17:19:37,27.4,0,0,0,03/04/2024 17:20:18,27.4,0,0,0
03/04/2024 17:17:25,27.5,0,-1,0,03/04/2024 17:18:07,27.5,0,0,0,03/04/2024 17:18:50,27.5,0,0,0,03/04/2024 17:19:37,27.5,0,0,0,03/04/2024 17:20:18,27.5,0,0,0
03/04/2024 17:17:25,27.6,0,-1,0,03/04/2024 17:18:07,27.6,0,0,0,03/04/2024 17:18:50,27.6,0,0,0,03/04/2024 17:19:37,27.6,0,1,0,03/04/2024 17:20:18,27.6,0,0,0
03/04/2024 17:17:25,27.7,0,-1,0,03/04/2024 17:18:07,27.7,0,0,0,03/04/2024 17:18:50,27.7,0,0,0,03/04/2024 17:19:37,27.7,0,0,0,03/04/2024 17:20:18,27.7,0,0,0
03/04/2024 17:17:25,27.8,0,-1,0,03/04/2024 17:18:07,27.8,0,0,0,03/04/2024 17:18:50,27.8,0,0,0,03/04/2024 17:19:37,27.8,0,0,0,03/04/2024 17:20:18,27.8,0,0,0
03/04/2024 17:17:25,27.9,0,-1,0,03/04/2024 17:18:07,27.9,0,0,0,03/04/2024 17:18:50,27.9,0,0,0,03/04/2024 17:19:37,27.9,0,0,0,03/04/2024 17:20:18,27.9,0,0,0
03/04/2024 17:17:26,28,0,-1,0,03/04/2024 17:18:08,28,0,0,0,03/04/2024 17:18:51,28,0,0,0,03/04/2024 17:19:38,28,0,0,0,03/04/2024 17:20:19,28,0,0,0
03/04/2024 17:17:26,28.1,0,-1,0,03/04/2024 17:18:08,28.1,0,0,0,03/04/2024 17:18:51,28.1,0,0,0,03/04/2024 17:19:38,28.1,0,1,0,03/04/2024 17:20:19,28.1,0,0,0
03/04/2024 17:17:26,28.2,0,-1,0,03/04/2024 17:18:08,28.2,0,0,0,03/04/2024 17:18:51,28.2,0,0,0,03/04/2024 17:19:38,28.2,0,1,0,03/04/2024 17:20:19,28.2,0,0,0
03/04/2024 17:17:26,28.3,0,-1,0,03/04/2024 17:18:08,28.3,0,0,0,03/04/2024 17:18:51,28.3,0,0,0,03/04/2024 17:19:38,28.3,0,0,0,03/04/2024 17:20:19,28.3,0,0,0
03/04/2024 17:17:26,28.4,0,-1,0,03/04/2024 17:18:08,28.4,0,0,0,03/04/2024 17:18:51,28.4,0,0,0,03/04/2024 17:19:38,28.4,0,1,0,03/04/2024 17:20:19,28.4,0,0,0
03/04/2024 17:17:26,28.5,0,-1,0,03/04/2024 17:18:08,28.5,0,0,0,03/04/2024 17:18:51,28.5,0,0,0,03/04/2024 17:19:38,28.5,0,1,0,03/04/2024 17:20:19,28.5,0,0,0
03/04/2024 17:17:26,28.6,0,-1,0,03/04/2024 17:18:08,28.6,0,0,0,03/04/2024 17:18:51,28.6,0,0,0,03/04/2024 17:19:38,28.6,0,1,0,03/04/2024 17:20:19,28.6,0,0,0
03/04/2024 17:17:26,28.7,0,-1,0,03/04/2024 17:18:08,28.7,0,0,0,03/04/2024 17:18:51,28.7,0,0,0,03/04/2024 17:19:38,28.7,0,1,0,03/04/2024 17:20:19,28.7,0,0,0
03/04/2024 17:17:26,28.8,0,-1,0,03/04/2024 17:18:08,28.8,0,0,0,03/04/2024 17:18:51,28.8,0,0,0,03/04/2024 17:19:38,28.8,0,1,0,03/04/2024 17:20:19,28.8,0,0,0
03/04/2024 17:17:26,28.9,0,-1,0,03/04/2024 17:18:08,28.9,0,0,0,03/04/2024 17:18:51,28.9,0,1,0,03/04/2024 17:19:38,28.9,0,1,0,03/04/2024 17:20:19,28.9,0,0,0
03/04/2024 17:17:27,29,0,-1,0,03/04/2024 17:18:09,29,0,0,0,03/04/2024 17:18:52,29,0,1,0,03/04/2024 17:19:39,29,0,1,0,03/04/2024 17:20:20,29,0,0,0
03/04/2024 17:17:27,29.1,0,-1,0,03/04/2024 17:18:09,29.1,0,0,0,03/04/2024 17:18:52,29.1,0,0,0,03/04/2024 17:19:39,29.1,0,0,0,03/04/2024 17:20:20,29.1,0,0,0
03/04/2024 17:17:27,29.2,0,1,0,03/04/2024 17:18:09,29.2,0,0,0,03/04/2024 17:18:52,29.2,0,0,0,03/04/2024 17:19:39,29.2,0,1,0,03/04/2024 17:20:20,29.2,0,0,0
03/04/2024 17:17:27,29.3,0,4,0,03/04/2024 17:18:09,29.3,0,4,0,03/04/2024 17:18:52,29.3,0,7,0,03/04/2024 17:19:39,29.3,0,8,0,03/04/2024 17:20:20,29.3,0,9,0
03/04/2024 17:17:27,29.4,0,4,0,03/04/2024 17:18:09,29.4,0,7,0,03/04/2024 17:18:52,29.4,0,10,0,03/04/2024 17:19:39,29.4,0,13,0,03/04/2024 17:20:20,29.4,0,14,0
03/04/2024 17:17:27,29.5,0,4,0,03/04/2024 17:18:09,29.5,0,7,0,03/04/2024 17:18:52,29.5,0,13,0,03/04/2024 17:19:39,29.5,0,15,0,03/04/2024 17:20:20,29.5,0,17,0
03/04/2024 17:17:27,29.6,0,3,0,03/04/2024 17:18:09,29.6,0,6,0,03/04/2024 17:18:52,29.6,0,12,0,03/04/2024 17:19:39,29.6,0,14,0,03/04/2024 17:20:20,29.6,0,17,0
03/04/2024 17:17:27,29.7,0,4,0,03/04/2024 17:18:09,29.7,0,6,0,03/04/2024 17:18:52,29.7,0,12,0,03/04/2024 17:19:39,29.7,0,13,0,03/04/2024 17:20:20,29.7,0,16,0
03/04/2024 17:17:27,29.8,0,3,0,03/04/2024 17:18:09,29.8,0,6,0,03/04/2024 17:18:52,29.8,0,12,0,03/04/2024 17:19:39,29.8,0,14,0,03/04/2024 17:20:20,29.8,0,17,0
03/04/2024 17:17:27,29.9,0,4,0,03/04/2024 17:18:09,29.9,0,6,0,03/04/2024 17:18:52,29.9,0,12,0,03/04/2024 17:19:39,29.9,0,14,0,03/04/2024 17:20:20,29.9,0,17,0
03/04/2024 17:17:28,30,0,4,0,03/04/2024 17:18:10,30,0,6,0,03/04/2024 17:18:53,30,0,12,0,03/04/2024 17:19:40,30,0,14,0,03/04/2024 17:20:21,30,0,16,0
03/04/2024 17:17:28,30.1,0,4,0,03/04/2024 17:18:10,30.1,0,6,0,03/04/2024 17:18:53,30.1,0,12,0,03/04/2024 17:19:40,30.1,0,14,0,03/04/2024 17:20:21,30.1,0,17,0
03/04/2024 17:17:28,30.2,0,4,0,03/04/2024 17:18:10,30.2,0,6,0,03/04/2024 17:18:53,30.2,0,12,0,03/04/2024 17:19:40,30.2,0,14,0,03/04/2024 17:20:21,30.2,0,17,0
03/04/2024 17:17:28,30.3,0,3,0,03/04/2024 17:18:10,30.3,0,0,0,03/04/2024 17:18:53,30.3,0,12,0,03/04/2024 17:19:40,30.3,0,14,0,03/04/2024 17:20:21,30.3,0,16,0
03/04/2024 17:17:28,30.4,0,3,0,03/04/2024 17:18:10,30.4,0,0,0,03/04/2024 17:18:53,30.4,0,12,0,03/04/2024 17:19:40,30.4,0,14,0,03/04/2024 17:20:21,30.4,0,17,0
03/04/2024 17:17:28,30.5,0,3,0,03/04/2024 17:18:10,30.5,0,0,0,03/04/2024 17:18:53,30.5,0,12,0,03/04/2024 17:19:40,30.5,0,14,0,03/04/2024 17:20:21,30.5,0,17,0
03/04/2024 17:17:28,30.6,0,3,0,03/04/2024 17:18:10,30.6,0,0,0,03/04/2024 17:18:53,30.6,0,12,0,03/04/2024 17:19:40,30.6,0,13,0,03/04/2024 17:20:21,30.6,0,17,0
03/04/2024 17:17:28,30.7,0,3,0,03/04/2024 17:18:10,30.7,0,0,0,03/04/2024 17:18:53,30.7,0,12,0,03/04/2024 17:19:40,30.7,0,13,0,03/04/2024 17:20:21,30.7,0,16,0
03/04/2024 17:17:28,30.8,0,3,0,03/04/2024 17:18:10,30.8,0,0,0,03/04/2024 17:18:53,30.8,0,12,0,03/04/2024 17:19:40,30.8,0,13,0,03/04/2024 17:20:21,30.8,0,15,0
03/04/2024 17:17:28,30.9,0,3,0,03/04/2024 17:18:10,30.9,0,0,0,03/04/2024 17:18:53,30.9,0,12,0,03/04/2024 17:19:40,30.9,0,13,0,03/04/2024 17:20:21,30.9,0,14,0
03/04/2024 17:17:29,31,0,3,0,03/04/2024 17:18:11,31,0,0,0,03/04/2024 17:18:54,31,0,12,0,03/04/2024 17:19:41,31,0,13,0,03/04/2024 17:20:22,31,0,13,0
03/04/2024 17:17:29,31.1,0,3,0,03/04/2024 17:18:11,31.1,0,0,0,03/04/2024 17:18:54,31.1,0,12,0,03/04/2024 17:19:41,31.1,0,13,0,03/04/2024 17:20:22,31.1,0,13,0
03/04/2024 17:17:29,31.2,0,3,0,03/04/2024 17:18:11,31.2,0,0,0,03/04/2024 17:18:54,31.2,0,12,0,03/04/2024 17:19:41,31.2,0,14,0,03/04/2024 17:20:22,31.2,0,8,0
03/04/2024 17:17:29,31.3,0,3,0,03/04/2024 17:18:11,31.3,0,0,0,03/04/2024 17:18:54,31.3,0,12,0,03/04/2024 17:19:41,31.3,0,13,0,03/04/2024 17:20:22,31.3,0,13,0
03/04/2024 17:17:29,31.4,0,3,0,03/04/2024 17:18:11,31.4,0,0,0,03/04/2024 17:18:54,31.4,0,12,0,03/04/2024 17:19:41,31.4,0,13,0,03/04/2024 17:20:22,31.4,0,16,0
03/04/2024 17:17:29,31.5,0,3,0,03/04/2024 17:18:11,31.5,0,0,0,03/04/2024 17:18:54,31.5,0,12,0,03/04/2024 17:19:41,31.5,0,13,0,03/04/2024 17:20:22,31.5,0,17,0
03/04/2024 17:17:29,31.6,0,3,0,03/04/2024 17:18:11,31.6,0,0,0,03/04/2024 17:18:54,31.6,0,12,0,03/04/2024 17:19:41,31.6,0,13,0,03/04/2024 17:20:22,31.6,0,17,0
03/04/2024 17:17:29,31.7,0,3,0,03/04/2024 17:18:11,31.7,0,0,0,03/04/2024 17:18:54,31.7,0,12,0,03/04/2024 17:19:41,31.7,0,14,0,03/04/2024 17:20:22,31.7,0,16,0
03/04/2024 17:17:29,31.8,0,3,0,03/04/2024 17:18:11,31.8,0,0,0,03/04/2024 17:18:54,31.8,0,12,0,03/04/2024 17:19:41,31.8,0,13,0,03/04/2024 17:20:22,31.8,0,17,0
03/04/2024 17:17:29,31.9,0,3,0,03/04/2024 17:18:11,31.9,0,0,0,03/04/2024 17:18:54,31.9,0,12,0,03/04/2024 17:19:41,31.9,0,13,0,03/04/2024 17:20:22,31.9,0,17,0
03/04/2024 17:17:30,32,0,3,0,03/04/2024 17:18:12,32,0,-1,0,03/04/2024 17:18:55,32,0,12,0,03/04/2024 17:19:42,32,0,13,0,03/04/2024 17:20:23,32,0,17,0
03/04/2024 17:17:30,32.1,0,3,0,03/04/2024 17:18:12,32.1,0,-1,0,03/04/2024 17:18:55,32.1,0,12,0,03/04/2024 17:19:42,32.1,0,13,0,03/04/2024 17:20:23,32.1,0,17,0
03/04/2024 17:17:30,32.2,0,3,0,03/04/2024 17:18:12,32.2,0,-1,0,03/04/2024 17:18:55,32.2,0,12,0,03/04/2024 17:19:42,32.2,0,13,0,03/04/2024 17:20:23,32.2,0,16,0
03/04/2024 17:17:30,32.3,0,3,0,03/04/2024 17:18:12,32.3,0,-1,0,03/04/2024 17:18:55,32.3,0,12,0,03/04/2024 17:19:42,32.3,0,13,0,03/04/2024 17:20:23,32.3,0,15,0
03/04/2024 17:17:30,32.4,0,3,0,03/04/2024 17:18:12,32.4,0,-1,0,03/04/2024 17:18:55,32.4,0,11,0,03/04/2024 17:19:42,32.4,0,13,0,03/04/2024 17:20:23,32.4,0,14,0
03/04/2024 17:17:30,32.5,0,3,0,03/04/2024 17:18:12,32.5,0,-1,0,03/04/2024 17:18:55,32.5,0,11,0,03/04/2024 17:19:42,32.5,0,13,0,03/04/2024 17:20:23,32.5,0,10,0
03/04/2024 17:17:30,32.6,0,2,0,03/04/2024 17:18:12,32.6,0,-1,0,03/04/2024 17:18:55,32.6,0,11,0,03/04/2024 17:19:42,32.6,0,13,0,03/04/2024 17:20:23,32.6,0,13,0
03/04/2024 17:17:30,32.7,0,3,0,03/04/2024 17:18:12,32.7,0,-1,0,03/04/2024 17:18:55,32.7,0,11,0,03/04/2024 17:19:42,32.7,0,13,0,03/04/2024 17:20:23,32.7,0,17,0
03/04/2024 17:17:30,32.8,0,3,0,03/04/2024 17:18:12,32.8,0,-1,0,03/04/2024 17:18:55,32.8,0,11,0,03/04/2024 17:19:42,32.8,0,13,0,03/04/2024 17:20:23,32.8,0,16,0
03/04/2024 17:17:30,32.9,0,3,0,03/04/2024 17:18:12,32.9,0,-1,0,03/04/2024 17:18:55,32.9,0,11,0,03/04/2024 17:19:42,32.9,0,13,0,03/04/2024 17:20:23,32.9,0,15,0
03/04/2024 17:17:31,33,0,3,0,03/04/2024 17:18:13,33,0,-1,0,03/04/2024 17:18:56,33,0,11,0,03/04/2024 17:19:43,33,0,13,0,03/04/2024 17:20:24,33,0,14,0
03/04/2024 17:17:31,33.1,0,-1,0,03/04/2024 17:18:13,33.1,0,-1,0,03/04/2024 17:18:56,33.1,0,12,0,03/04/2024 17:19:43,33.1,0,13,0,03/04/2024 17:20:24,33.1,0,12,0
03/04/2024 17:17:31,33.2,0,0,0,03/04/2024 17:18:13,33.2,0,-5,0,03/04/2024 17:18:56,33.2,0,2,0,03/04/2024 17:19:43,33.2,0,3,0,03/04/2024 17:20:24,33.2,0,0,0
03/04/2024 17:17:31,33.3,0,-1,0,03/04/2024 17:18:13,33.3,0,-6,0,03/04/2024 17:18:56,33.3,0,0,0,03/04/2024 17:19:43,33.3,0,0,0,03/04/2024 17:20:24,33.3,0,0,0
03/04/2024 17:17:31,33.4,0,-1,0,03/04/2024 17:18:13,33.4,0,-7,0,03/04/2024 17:18:56,33.4,0,0,0,03/04/2024 17:19:43,33.4,0,0,0,03/04/2024 17:20:24,33.4,0,0,0
03/04/2024 17:17:31,33.5,0,-1,0,03/04/2024 17:18:13,33.5,0,-6,0,03/04/2024 17:18:56,33.5,0,0,0,03/04/2024 17:19:43,33.5,0,0,0,03/04/2024 17:20:24,33.5,0,0,0
03/04/2024 17:17:31,33.6,0,0,0,03/04/2024 17:18:13,33.6,0,-6,0,03/04/2024 17:18:56,33.6,0,1,0,03/04/2024 17:19:43,33.6,0,0,0,03/04/2024 17:20:24,33.6,0,0,0
03/04/2024 17:17:31,33.7,0,-1,0,03/04/2024 17:18:13,33.7,0,-6,0,03/04/2024 17:18:56,33.7,0,0,0,03/04/2024 17:19:43,33.7,0,0,0,03/04/2024 17:20:24,33.7,0,0,0
03/04/2024 17:17:31,33.8,0,-1,0,03/04/2024 17:18:13,33.8,0,-6,0,03/04/2024 17:18:56,33.8,0,1,0,03/04/2024 17:19:43,33.8,0,0,0,03/04/2024 17:20:24,33.8,0,0,0
03/04/2024 17:17:31,33.9,0,-1,0,03/04/2024 17:18:13,33.9,0,-6,0,03/04/2024 17:18:56,33.9,0,1,0,03/04/2024 17:19:43,33.9,0,1,0,03/04/2024 17:20:24,33.9,0,0,0
03/04/2024 17:17:32,34,0,-1,0,03/04/2024 17:18:14,34,0,-6,0,03/04/2024 17:18:57,34,0,0,0,03/04/2024 17:19:44,34,0,1,0,03/04/2024 17:20:25,34,0,0,0
03/04/2024 17:17:32,34.1,0,-1,0,03/04/2024 17:18:14,34.1,0,-6,0,03/04/2024 17:18:57,34.1,0,0,0,03/04/2024 17:19:44,34.1,0,0,0,03/04/2024 17:20:25,34.1,0,0,0
03/04/2024 17:17:32,34.2,0,0,0,03/04/2024 17:18:14,34.2,0,-6,0,03/04/2024 17:18:57,34.2,0,0,0,03/04/2024 17:19:44,34.2,0,1,0,03/04/2024 17:20:25,34.2,0,0,0
03/04/2024 17:17:32,34.3,0,-1,0,03/04/2024 17:18:14,34.3,0,-6,0,03/04/2024 17:18:57,34.3,0,1,0,03/04/2024 17:19:44,34.3,0,0,0,03/04/2024 17:20:25,34.3,0,0,0
03/04/2024 17:17:32,34.4,0,-1,0,03/04/2024 17:18:14,34.4,0,-6,0,03/04/2024 17:18:57,34.4,0,0,0,03/04/2024 17:19:44,34.4,0,0,0,03/04/2024 17:20:25,34.4,0,0,0
03/04/2024 17:17:32,34.5,0,-1,0,03/04/2024 17:18:14,34.5,0,-6,0,03/04/2024 17:18:57,34.5,0,0,0,03/04/2024 17:19:44,34.5,0,0,0,03/04/2024 17:20:25,34.5,0,0,0
03/04/2024 17:17:32,34.6,0,-1,0,03/04/2024 17:18:14,34.6,0,-6,0,03/04/2024 17:18:57,34.6,0,0,0,03/04/2024 17:19:44,34.6,0,1,0,03/04/2024 17:20:25,34.6,0,0,0
03/04/2024 17:17:32,34.7,0,-1,,03/04/2024 17:18:14,34.7,0,-6,0,03/04/2024 17:18:57,34.7,0,0,0,03/04/2024 17:19:44,34.7,0,0,0,03/04/2024 17:20:25,34.7,0,0,0
,,,,,03/04/2024 17:18:14,34.8,0,-6,0,03/04/2024 17:18:57,34.8,0,0,0,03/04/2024 17:19:44,34.8,0,0,0,03/04/2024 17:20:25,34.8,0,0,0
,,,,,03/04/2024 17:18:14,34.9,0,-6,0,03/04/2024 17:18:57,34.9,0,0,0,03/04/2024 17:19:44,34.9,0,1,0,03/04/2024 17:20:25,34.9,0,0,0
,,,,,03/04/2024 17:18:15,35,0,-6,0,03/04/2024 17:18:58,35,0,1,0,03/04/2024 17:19:45,35,0,0,0,03/04/2024 17:20:26,35,0,0,0
,,,,,03/04/2024 17:18:15,35.1,0,-6,0,03/04/2024 17:18:58,35.1,0,0,0,03/04/2024 17:19:45,35.1,0,0,0,03/04/2024 17:20:26,35.1,0,0,0
,,,,,03/04/2024 17:18:15,35.2,0,-7,0,03/04/2024 17:18:58,35.2,0,1,0,03/04/2024 17:19:45,35.2,0,0,0,03/04/2024 17:20:26,35.2,0,0,0
,,,,,03/04/2024 17:18:15,35.3,0,-7,0,03/04/2024 17:18:58,35.3,0,0,0,03/04/2024 17:19:45,35.3,0,1,0,03/04/2024 17:20:26,35.3,0,0,0
,,,,,03/04/2024 17:18:15,35.4,0,-6,0,03/04/2024 17:18:58,35.4,0,0,0,03/04/2024 17:19:45,35.4,0,1,0,03/04/2024 17:20:26,35.4,0,0,0
,,,,,03/04/2024 17:18:15,35.5,0,-7,,03/04/2024 17:18:58,35.5,0,0,0,03/04/2024 17:19:45,35.5,0,1,0,03/04/2024 17:20:26,35.5,0,0,0
,,,,,03/04/2024 17:18:15,35.6,0,-7,,03/04/2024 17:18:58,35.6,0,1,0,03/04/2024 17:19:45,35.6,0,1,,03/04/2024 17:20:26,35.6,0,0,0
,,,,,03/04/2024 17:18:15,35.7,0,-6,,03/04/2024 17:18:58,35.7,0,0,0,03/04/2024 17:19:45,35.7,,,,03/04/2024 17:20:26,35.7,0,0,0
,,,,,03/04/2024 17:18:15,35.8,0,-6,,03/04/2024 17:18:58,35.8,0,0,0,03/04/2024 17:19:45,35.8,,,,03/04/2024 17:20:26,35.8,0,0,0
,,,,,03/04/2024 17:18:15,35.9,0,-6,,03/04/2024 17:18:58,35.9,0,0,0,03/04/2024 17:19:45,35.9,,,,03/04/2024 17:20:26,35.9,0,0,0
,,,,,03/04/2024 17:18:16,36,0,-6,,03/04/2024 17:18:59,36,0,0,0,03/04/2024 17:19:46,36,,,,03/04/2024 17:20:27,36,0,0,0
,,,,,03/04/2024 17:18:16,36.1,0,-6,,03/04/2024 17:18:59,36.1,0,0,0,03/04/2024 17:19:46,36.1,,,,03/04/2024 17:20:27,36.1,0,0,0
,,,,,03/04/2024 17:18:16,36.2,0,-6,,03/04/2024 17:18:59,36.2,0,1,0,03/04/2024 17:19:46,36.2,,,,03/04/2024 17:20:27,36.2,0,0,0
,,,,,03/04/2024 17:18:16,36.3,0,-6,,03/04/2024 17:18:59,36.3,0,1,0,03/04/2024 17:19:46,36.3,,,,03/04/2024 17:20:27,36.3,0,0,0
,,,,,03/04/2024 17:18:16,36.4,0,-6,,03/04/2024 17:18:59,36.4,0,1,0,03/04/2024 17:19:46,36.4,,,,03/04/2024 17:20:27,36.4,0,0,0
,,,,,03/04/2024 17:18:16,36.5,,,,03/04/2024 17:18:59,36.5,0,1,0,03/04/2024 17:19:46,36.5,,,,03/04/2024 17:20:27,36.5,0,0,0
,,,,,03/04/2024 17:18:16,36.6,,,,03/04/2024 17:18:59,36.6,0,1,0,03/04/2024 17:19:46,36.6,,,,03/04/2024 17:20:27,36.6,0,0,0
,,,,,03/04/2024 17:18:16,36.7,,,,03/04/2024 17:18:59,36.7,0,0,0,03/04/2024 17:19:46,36.7,,,,03/04/2024 17:20:27,36.7,0,0,0
,,,,,03/04/2024 17:18:16,36.8,,,,03/04/2024 17:18:59,36.8,0,0,0,03/04/2024 17:19:46,36.8,,,,03/04/2024 17:20:27,36.8,0,0,0
,,,,,03/04/2024 17:18:16,36.9,,,,03/04/2024 17:18:59,36.9,0,0,0,03/04/2024 17:19:46,36.9,,,,03/04/2024 17:20:27,36.9,0,0,0
,,,,,03/04/2024 17:18:17,37,,,,03/04/2024 17:19:00,37,0,0,0,03/04/2024 17:19:47,37,,,,03/04/2024 17:20:28,37,0,0,0
,,,,,03/04/2024 17:18:17,37.1,,,,03/04/2024 17:19:00,37.1,0,0,0,03/04/2024 17:19:47,37.1,,,,03/04/2024 17:20:28,37.1,0,0,0
,,,,,03/04/2024 17:18:17,37.2,,,,03/04/2024 17:19:00,37.2,0,0,0,03/04/2024 17:19:47,37.2,,,,03/04/2024 17:20:28,37.2,0,0,0
,,,,,03/04/2024 17:18:17,37.3,,,,03/04/2024 17:19:00,37.3,0,0,0,03/04/2024 17:19:47,37.3,,,,03/04/2024 17:20:28,37.3,0,0,0
,,,,,03/04/2024 17:18:17,37.4,,,,03/04/2024 17:19:00,37.4,0,0,0,03/04/2024 17:19:47,37.4,,,,03/04/2024 17:20:28,37.4,0,0,
,,,,,03/04/2024 17:18:17,37.5,,,,03/04/2024 17:19:00,37.5,0,0,0,03/04/2024 17:19:47,37.5,,,,03/04/2024 17:20:28,37.5,,,
,,,,,03/04/2024 17:18:17,37.6,,,,03/04/2024 17:19:00,37.6,0,0,0,03/04/2024 17:19:47,37.6,,,,03/04/2024 17:20:28,37.6,,,
,,,,,03/04/2024 17:18:17,37.7,,,,03/04/2024 17:19:00,37.7,0,0,0,03/04/2024 17:19:47,37.7,,,,03/04/2024 17:20:28,37.7,,,
,,,,,03/04/2024 17:18:17,37.8,,,,03/04/2024 17:19:00,37.8,0,0,0,03/04/2024 17:19:47,37.8,,,,03/04/2024 17:20:28,37.8,,,
,,,,,03/04/2024 17:18:17,37.9,,,,03/04/2024 17:19:00,37.9,0,0,0,03/04/2024 17:19:47,37.9,,,,03/04/2024 17:20:28,37.9,,,
,,,,,03/04/2024 17:18:18,38,,,,03/04/2024 17:19:01,38,0,1,0,03/04/2024 17:19:48,38,,,,03/04/2024 17:20:29,38,,,
,,,,,03/04/2024 17:18:18,38.1,,,,03/04/2024 17:19:01,38.1,0,1,0,03/04/2024 17:19:48,38.1,,,,03/04/2024 17:20:29,38.1,,,
,,,,,03/04/2024 17:18:18,38.2,,,,03/04/2024 17:19:01,38.2,0,1,0,03/04/2024 17:19:48,38.2,,,,03/04/2024 17:20:29,38.2,,,
,,,,,03/04/2024 17:18:18,38.3,,,,03/04/2024 17:19:01,38.3,0,1,0,03/04/2024 17:19:48,38.3,,,,03/04/2024 17:20:29,38.3,,,
,,,,,03/04/2024 17:18:18,38.4,,,,03/04/2024 17:19:01,38.4,0,1,0,03/04/2024 17:19:48,38.4,,,,03/04/2024 17:20:29,38.4,,,
,,,,,03/04/2024 17:18:18,38.5,,,,03/04/2024 17:19:01,38.5,0,1,0,03/04/2024 17:19:48,38.5,,,,03/04/2024 17:20:29,38.5,,,
,,,,,03/04/2024 17:18:18,38.6,,,,03/04/2024 17:19:01,38.6,0,1,0,03/04/2024 17:19:48,38.6,,,,03/04/2024 17:20:29,38.6,,,
,,,,,03/04/2024 17:18:18,38.7,,,,03/04/2024 17:19:01,38.7,0,0,,03/04/2024 17:19:48,38.7,,,,03/04/2024 17:20:29,38.7,,,
,,,,,03/04/2024 17:18:18,38.8,,,,03/04/2024 17:19:01,38.8,,,,03/04/2024 17:19:48,38.8,,,,03/04/2024 17:20:29,38.8,,,
,,,,,03/04/2024 17:18:18,38.9,,,,03/04/2024 17:19:01,38.9,,,,03/04/2024 17:19:48,38.9,,,,03/04/2024 17:20:29,38.9,,,
,,,,,03/04/2024 17:18:19,39,,,,03/04/2024 17:19:02,39,,,,03/04/2024 17:19:49,39,,,,03/04/2024 17:20:30,39,,,
,,,,,03/04/2024 17:18:19,39.1,,,,03/04/2024 17:19:02,39.1,,,,,,,,,03/04/2024 17:20:30,39.1,,,
,,,,,03/04/2024 17:18:19,39.2,,,,03/04/2024 17:19:02,39.2,,,,,,,,,03/04/2024 17:20:30,39.2,,,
,,,,,03/04/2024 17:18:19,39.3,,,,03/04/2024 17:19:02,39.3,,,,,,,,,03/04/2024 17:20:30,39.3,,,
,,,,,03/04/2024 17:18:19,39.4,,,,03/04/2024 17:19:02,39.4,,,,,,,,,03/04/2024 17:20:30,39.4,,,
,,,,,,,,,,03/04/2024 17:19:02,39.5,,,,,,,,,03/04/2024 17:20:30,39.5,,,
,,,,,,,,,,03/04/2024 17:19:02,39.6,,,,,,,,,03/04/2024 17:20:30,39.6,,,
,,,,,,,,,,03/04/2024 17:19:02,39.7,,,,,,,,,03/04/2024 17:20:30,39.7,,,
,,,,,,,,,,03/04/2024 17:19:02,39.8,,,,,,,,,03/04/2024 17:20:30,39.8,,,
,,,,,,,,,,03/04/2024 17:19:02,39.9,,,,,,,,,03/04/2024 17:20:30,39.9,,,
,,,,,,,,,,03/04/2024 17:19:03,40,,,,,,,,,03/04/2024 17:20:31,40,,,
,,,,,,,,,,03/04/2024 17:19:03,40.1,,,,,,,,,03/04/2024 17:20:31,40.1,,,
,,,,,,,,,,03/04/2024 17:19:03,40.2,,,,,,,,,03/04/2024 17:20:31,40.2,,,
,,,,,,,,,,03/04/2024 17:19:03,40.3,,,,,,,,,03/04/2024 17:20:31,40.3,,,
,,,,,,,,,,03/04/2024 17:19:03,40.4,,,,,,,,,03/04/2024 17:20:31,40.4,,,
,,,,,,,,,,03/04/2024 17:19:03,40.5,,,,,,,,,03/04/2024 17:20:31,40.5,,,
,,,,,,,,,,03/04/2024 17:19:03,40.6,,,,,,,,,03/04/2024 17:20:31,40.6,,,
,,,,,,,,,,03/04/2024 17:19:03,40.7,,,,,,,,,03/04/2024 17:20:31,40.7,,,
,,,,,,,,,,03/04/2024 17:19:03,40.8,,,,,,,,,03/04/2024 17:20:31,40.8,,,
,,,,,,,,,,03/04/2024 17:19:03,40.9,,,,,,,,,03/04/2024 17:20:31,40.9,,,
,,,,,,,,,,03/04/2024 17:19:04,41,,,,,,,,,03/04/2024 17:20:32,41,,,
,,,,,,,,,,03/04/2024 17:19:04,41.1,,,,,,,,,03/04/2024 17:20:32,41.1,,,
,,,,,,,,,,03/04/2024 17:19:04,41.2,,,,,,,,,03/04/2024 17:20:32,41.2,,,
,,,,,,,,,,03/04/2024 17:19:04,41.3,,,,,,,,,03/04/2024 17:20:32,41.3,,,
,,,,,,,,,,03/04/2024 17:19:04,41.4,,,,,,,,,03/04/2024 17:20:32,41.4,,,
,,,,,,,,,,03/04/2024 17:19:04,41.5,,,,,,,,,03/04/2024 17:20:32,41.5,,,
,,,,,,,,,,03/04/2024 17:19:04,41.6,,,,,,,,,03/04/2024 17:20:32,41.6,,,
,,,,,,,,,,03/04/2024 17:19:04,41.7,,,,,,,,,03/04/2024 17:20:32,41.7,,,
,,,,,,,,,,03/04/2024 17:19:04,41.8,,,,,,,,,03/04/2024 17:20:32,41.8,,,
,,,,,,,,,,03/04/2024 17:19:04,41.9,,,,,,,,,03/04/2024 17:20:32,41.9,,,
,,,,,,,,,,03/04/2024 17:19:05,42,,,,,,,,,03/04/2024 17:20:33,42,,,
,,,,,,,,,,03/04/2024 17:19:05,42.1,,,,,,,,,03/04/2024 17:20:33,42.1,,,
,,,,,,,,,,03/04/2024 17:19:05,42.2,,,,,,,,,03/04/2024 17:20:33,42.2,,,
,,,,,,,,,,03/04/2024 17:19:05,42.3,,,,,,,,,03/04/2024 17:20:33,42.3,,,
,,,,,,,,,,03/04/2024 17:19:05,42.4,,,,,,,,,03/04/2024 17:20:33,42.4,,,
,,,,,,,,,,03/04/2024 17:19:05,42.5,,,,,,,,,03/04/2024 17:20:33,42.5,,,
,,,,,,,,,,03/04/2024 17:19:05,42.6,,,,,,,,,03/04/2024 17:20:33,42.6,,,
,,,,,,,,,,03/04/2024 17:19:05,42.7,,,,,,,,,03/04/2024 17:20:33,42.7,,,
,,,,,,,,,,03/04/2024 17:19:05,42.8,,,,,,,,,03/04/2024 17:20:33,42.8,,,
,,,,,,,,,,03/04/2024 17:19:05,42.9,,,,,,,,,03/04/2024 17:20:33,42.9,,,
,,,,,,,,,,03/04/2024 17:19:06,43,,,,,,,,,03/04/2024 17:20:34,43,,,
,,,,,,,,,,03/04/2024 17:19:06,43.1,,,,,,,,,03/04/2024 17:20:34,43.1,,,
,,,,,,,,,,03/04/2024 17:19:06,43.2,,,,,,,,,03/04/2024 17:20:34,43.2,,,
,,,,,,,,,,03/04/2024 17:19:06,43.3,,,,,,,,,03/04/2024 17:20:34,43.3,,,
,,,,,,,,,,03/04/2024 17:19:06,43.4,,,,,,,,,03/04/2024 17:20:34,43.4,,,
,,,,,,,,,,03/04/2024 17:19:06,43.5,,,,,,,,,03/04/2024 17:20:34,43.5,,,
,,,,,,,,,,03/04/2024 17:19:06,43.6,,,,,,,,,03/04/2024 17:20:34,43.6,,,
,,,,,,,,,,03/04/2024 17:19:06,43.7,,,,,,,,,03/04/2024 17:20:34,43.7,,,
,,,,,,,,,,03/04/2024 17:19:06,43.8,,,,,,,,,03/04/2024 17:20:34,43.8,,,
,,,,,,,,,,03/04/2024 17:19:06,43.9,,,,,,,,,03/04/2024 17:20:34,43.9,,,
,,,,,,,,,,03/04/2024 17:19:07,44,,,,,,,,,03/04/2024 17:20:35,44,,,
,,,,,,,,,,03/04/2024 17:19:07,44.1,,,,,,,,,03/04/2024 17:20:35,44.1,,,
,,,,,,,,,,03/04/2024 17:19:07,44.2,,,,,,,,,03/04/2024 17:20:35,44.2,,,
,,,,,,,,,,,,,,,,,,,,03/04/2024 17:20:35,44.3,,,